scenario,dest,year,sex,pop
benchmark,AUT,2015,f,4343612
benchmark,AUT,2015,m,4149943
benchmark,AUT,2020,f,4391971
benchmark,AUT,2020,m,4235686
benchmark,AUT,2025,f,4429823
benchmark,AUT,2025,m,4290740
benchmark,AUT,2030,f,4454143
benchmark,AUT,2030,m,4325595
benchmark,AUT,2035,f,4467690
benchmark,AUT,2035,m,4348692
benchmark,AUT,2040,f,4480563
benchmark,AUT,2040,m,4372485
benchmark,AUT,2045,f,4500640
benchmark,AUT,2045,m,4404763
benchmark,AUT,2050,f,4526010
benchmark,AUT,2050,m,4444948
benchmark,BEL,2015,f,5449307
benchmark,BEL,2015,m,5270093
benchmark,BEL,2020,f,5581725
benchmark,BEL,2020,m,5474723
benchmark,BEL,2025,f,5718309
benchmark,BEL,2025,m,5682601
benchmark,BEL,2030,f,5869444
benchmark,BEL,2030,m,5886463
benchmark,BEL,2035,f,6048283
benchmark,BEL,2035,m,6103281
benchmark,BEL,2040,f,6259089
benchmark,BEL,2040,m,6341870
benchmark,BEL,2045,f,6506318
benchmark,BEL,2045,m,6611862
benchmark,BEL,2050,f,6791799
benchmark,BEL,2050,m,6917548
benchmark,BGR,2015,f,3697203
benchmark,BGR,2015,m,3498544
benchmark,BGR,2020,f,3522933
benchmark,BGR,2020,m,3333200
benchmark,BGR,2025,f,3349148
benchmark,BGR,2025,m,3165831
benchmark,BGR,2030,f,3185043
benchmark,BGR,2030,m,3009119
benchmark,BGR,2035,f,3033765
benchmark,BGR,2035,m,2867380
benchmark,BGR,2040,f,2897759
benchmark,BGR,2040,m,2742169
benchmark,BGR,2045,f,2777155
benchmark,BGR,2045,m,2631958
benchmark,BGR,2050,f,2669466
benchmark,BGR,2050,m,2532349
benchmark,CYP,2015,f,427396
benchmark,CYP,2015,m,403179
benchmark,CYP,2020,f,453910
benchmark,CYP,2020,m,428041
benchmark,CYP,2025,f,473496
benchmark,CYP,2025,m,447332
benchmark,CYP,2030,f,490857
benchmark,CYP,2030,m,465160
benchmark,CYP,2035,f,507370
benchmark,CYP,2035,m,482843
benchmark,CYP,2040,f,524431
benchmark,CYP,2040,m,501839
benchmark,CYP,2045,f,543301
benchmark,CYP,2045,m,523575
benchmark,CYP,2050,f,563955
benchmark,CYP,2050,m,548015
benchmark,CZE,2015,f,5228414
benchmark,CZE,2015,m,5034838
benchmark,CZE,2020,f,5232357
benchmark,CZE,2020,m,5034796
benchmark,CZE,2025,f,5201282
benchmark,CZE,2025,m,4992053
benchmark,CZE,2030,f,5138633
benchmark,CZE,2030,m,4918482
benchmark,CZE,2035,f,5054859
benchmark,CZE,2035,m,4831507
benchmark,CZE,2040,f,4970557
benchmark,CZE,2040,m,4754258
benchmark,CZE,2045,f,4893533
benchmark,CZE,2045,m,4692497
benchmark,CZE,2050,f,4820789
benchmark,CZE,2050,m,4637049
benchmark,DEU,2015,f,40014655
benchmark,DEU,2015,m,38408703
benchmark,DEU,2020,f,39784962
benchmark,DEU,2020,m,38408007
benchmark,DEU,2025,f,39548520
benchmark,DEU,2025,m,38202900
benchmark,DEU,2030,f,39231560
benchmark,DEU,2030,m,37892891
benchmark,DEU,2035,f,38853906
benchmark,DEU,2035,m,37521994
benchmark,DEU,2040,f,38437729
benchmark,DEU,2040,m,37123998
benchmark,DEU,2045,f,38024797
benchmark,DEU,2045,m,36712784
benchmark,DEU,2050,f,37575516
benchmark,DEU,2050,m,36268687
benchmark,DNK,2015,f,2716763
benchmark,DNK,2015,m,2693346
benchmark,DNK,2020,f,2785916
benchmark,DNK,2020,m,2755067
benchmark,DNK,2025,f,2850014
benchmark,DNK,2025,m,2812805
benchmark,DNK,2030,f,2921607
benchmark,DNK,2030,m,2877740
benchmark,DNK,2035,f,2998185
benchmark,DNK,2035,m,2948011
benchmark,DNK,2040,f,3080315
benchmark,DNK,2040,m,3025734
benchmark,DNK,2045,f,3172728
benchmark,DNK,2045,m,3115698
benchmark,DNK,2050,f,3282525
benchmark,DNK,2050,m,3223964
benchmark,ESP,2015,f,23351569
benchmark,ESP,2015,m,22530825
benchmark,ESP,2020,f,23545932
benchmark,ESP,2020,m,22807647
benchmark,ESP,2025,f,23616744
benchmark,ESP,2025,m,22954273
benchmark,ESP,2030,f,23638395
benchmark,ESP,2030,m,23033519
benchmark,ESP,2035,f,23640474
benchmark,ESP,2035,m,23072855
benchmark,ESP,2040,f,23632768
benchmark,ESP,2040,m,23097501
benchmark,ESP,2045,f,23584838
benchmark,ESP,2045,m,23089253
benchmark,ESP,2050,f,23446858
benchmark,ESP,2050,m,22999462
benchmark,EST,2015,f,692303
benchmark,EST,2015,m,603739
benchmark,EST,2020,f,698956
benchmark,EST,2020,m,617334
benchmark,EST,2025,f,697404
benchmark,EST,2025,m,624709
benchmark,EST,2030,f,695712
benchmark,EST,2030,m,632022
benchmark,EST,2035,f,695318
benchmark,EST,2035,m,640263
benchmark,EST,2040,f,697473
benchmark,EST,2040,m,651217
benchmark,EST,2045,f,702584
benchmark,EST,2045,m,665980
benchmark,EST,2050,f,709852
benchmark,EST,2050,m,683954
benchmark,FIN,2015,f,2734251
benchmark,FIN,2015,m,2656578
benchmark,FIN,2020,f,2775167
benchmark,FIN,2020,m,2703371
benchmark,FIN,2025,f,2804188
benchmark,FIN,2025,m,2730484
benchmark,FIN,2030,f,2832341
benchmark,FIN,2030,m,2755658
benchmark,FIN,2035,f,2856817
benchmark,FIN,2035,m,2779530
benchmark,FIN,2040,f,2879991
benchmark,FIN,2040,m,2808338
benchmark,FIN,2045,f,2908411
benchmark,FIN,2045,m,2850095
benchmark,FIN,2050,f,2950699
benchmark,FIN,2050,m,2911026
benchmark,FRA,2015,f,34146152
benchmark,FRA,2015,m,32029914
benchmark,FRA,2020,f,35096226
benchmark,FRA,2020,m,33009394
benchmark,FRA,2025,f,36084999
benchmark,FRA,2025,m,33974146
benchmark,FRA,2030,f,37227318
benchmark,FRA,2030,m,35084524
benchmark,FRA,2035,f,38518742
benchmark,FRA,2035,m,36323279
benchmark,FRA,2040,f,39910373
benchmark,FRA,2040,m,37656487
benchmark,FRA,2045,f,41363862
benchmark,FRA,2045,m,39084259
benchmark,FRA,2050,f,42901365
benchmark,FRA,2050,m,40642199
benchmark,GBR,2015,f,32685700
benchmark,GBR,2015,m,31695319
benchmark,GBR,2020,f,33627855
benchmark,GBR,2020,m,32749861
benchmark,GBR,2025,f,34557677
benchmark,GBR,2025,m,33719372
benchmark,GBR,2030,f,35565310
benchmark,GBR,2030,m,34692754
benchmark,GBR,2035,f,36708768
benchmark,GBR,2035,m,35771126
benchmark,GBR,2040,f,38089711
benchmark,GBR,2040,m,37075873
benchmark,GBR,2045,f,39779862
benchmark,GBR,2045,m,38692620
benchmark,GBR,2050,f,41779830
benchmark,GBR,2050,m,40623301
benchmark,GRC,2015,f,5562692
benchmark,GRC,2015,m,5238955
benchmark,GRC,2020,f,5500718
benchmark,GRC,2020,m,5182707
benchmark,GRC,2025,f,5415971
benchmark,GRC,2025,m,5092607
benchmark,GRC,2030,f,5322889
benchmark,GRC,2030,m,5004032
benchmark,GRC,2035,f,5236899
benchmark,GRC,2035,m,4927807
benchmark,GRC,2040,f,5160258
benchmark,GRC,2040,m,4863199
benchmark,GRC,2045,f,5090636
benchmark,GRC,2045,m,4808181
benchmark,GRC,2050,f,5024452
benchmark,GRC,2050,m,4759749
benchmark,HRV,2015,f,2163467
benchmark,HRV,2015,m,2014803
benchmark,HRV,2020,f,2115924
benchmark,HRV,2020,m,1970264
benchmark,HRV,2025,f,2050534
benchmark,HRV,2025,m,1917186
benchmark,HRV,2030,f,1991922
benchmark,HRV,2030,m,1867273
benchmark,HRV,2035,f,1935361
benchmark,HRV,2035,m,1816876
benchmark,HRV,2040,f,1879370
benchmark,HRV,2040,m,1766818
benchmark,HRV,2045,f,1824697
benchmark,HRV,2045,m,1720213
benchmark,HRV,2050,f,1772559
benchmark,HRV,2050,m,1678623
benchmark,HUN,2015,f,5138803
benchmark,HUN,2015,m,4677492
benchmark,HUN,2020,f,5015701
benchmark,HUN,2020,m,4574871
benchmark,HUN,2025,f,4870263
benchmark,HUN,2025,m,4454230
benchmark,HUN,2030,f,4723489
benchmark,HUN,2030,m,4330534
benchmark,HUN,2035,f,4573094
benchmark,HUN,2035,m,4202880
benchmark,HUN,2040,f,4421570
benchmark,HUN,2040,m,4074562
benchmark,HUN,2045,f,4272534
benchmark,HUN,2045,m,3948575
benchmark,HUN,2050,f,4130691
benchmark,HUN,2050,m,3826853
benchmark,IRL,2015,f,2270679
benchmark,IRL,2015,m,2220383
benchmark,IRL,2020,f,2424224
benchmark,IRL,2020,m,2370507
benchmark,IRL,2025,f,2568041
benchmark,IRL,2025,m,2510594
benchmark,IRL,2030,f,2710731
benchmark,IRL,2030,m,2647964
benchmark,IRL,2035,f,2857163
benchmark,IRL,2035,m,2789505
benchmark,IRL,2040,f,3014765
benchmark,IRL,2040,m,2943947
benchmark,IRL,2045,f,3187313
benchmark,IRL,2045,m,3115813
benchmark,IRL,2050,f,3377013
benchmark,IRL,2050,m,3307127
benchmark,ITA,2015,f,31142823
benchmark,ITA,2015,m,29347293
benchmark,ITA,2020,f,30947738
benchmark,ITA,2020,m,29381361
benchmark,ITA,2025,f,30679126
benchmark,ITA,2025,m,29247732
benchmark,ITA,2030,f,30382917
benchmark,ITA,2030,m,29041646
benchmark,ITA,2035,f,30087460
benchmark,ITA,2035,m,28832841
benchmark,ITA,2040,f,29811049
benchmark,ITA,2040,m,28645064
benchmark,ITA,2045,f,29541874
benchmark,ITA,2045,m,28474416
benchmark,ITA,2050,f,29260593
benchmark,ITA,2050,m,28298340
benchmark,LTU,2015,f,1572907
benchmark,LTU,2015,m,1343858
benchmark,LTU,2020,f,1544011
benchmark,LTU,2020,m,1317110
benchmark,LTU,2025,f,1510710
benchmark,LTU,2025,m,1293050
benchmark,LTU,2030,f,1477462
benchmark,LTU,2030,m,1271788
benchmark,LTU,2035,f,1445263
benchmark,LTU,2035,m,1251235
benchmark,LTU,2040,f,1416513
benchmark,LTU,2040,m,1233645
benchmark,LTU,2045,f,1392863
benchmark,LTU,2045,m,1221999
benchmark,LTU,2050,f,1372984
benchmark,LTU,2050,m,1215339
benchmark,LUX,2015,f,252484
benchmark,LUX,2015,m,256132
benchmark,LUX,2020,f,285268
benchmark,LUX,2020,m,291295
benchmark,LUX,2025,f,314053
benchmark,LUX,2025,m,321062
benchmark,LUX,2030,f,345367
benchmark,LUX,2030,m,352763
benchmark,LUX,2035,f,380760
benchmark,LUX,2035,m,388168
benchmark,LUX,2040,f,421610
benchmark,LUX,2040,m,429173
benchmark,LUX,2045,f,469250
benchmark,LUX,2045,m,477572
benchmark,LUX,2050,f,524436
benchmark,LUX,2050,m,534437
benchmark,LVA,2015,f,1070965
benchmark,LVA,2015,m,907266
benchmark,LVA,2020,f,1049394
benchmark,LVA,2020,m,895238
benchmark,LVA,2025,f,1022125
benchmark,LVA,2025,m,882646
benchmark,LVA,2030,f,997434
benchmark,LVA,2030,m,872425
benchmark,LVA,2035,f,976233
benchmark,LVA,2035,m,865034
benchmark,LVA,2040,f,958143
benchmark,LVA,2040,m,860756
benchmark,LVA,2045,f,943049
benchmark,LVA,2045,m,859962
benchmark,LVA,2050,f,929193
benchmark,LVA,2050,m,861674
benchmark,MLT,2015,f,217567
benchmark,MLT,2015,m,217845
benchmark,MLT,2020,f,232297
benchmark,MLT,2020,m,232828
benchmark,MLT,2025,f,242215
benchmark,MLT,2025,m,243155
benchmark,MLT,2030,f,252215
benchmark,MLT,2030,m,254953
benchmark,MLT,2035,f,262832
benchmark,MLT,2035,m,268824
benchmark,MLT,2040,f,274578
benchmark,MLT,2040,m,285677
benchmark,MLT,2045,f,288764
benchmark,MLT,2045,m,306924
benchmark,MLT,2050,f,305865
benchmark,MLT,2050,m,333399
benchmark,NLD,2015,f,8314019
benchmark,NLD,2015,m,8167538
benchmark,NLD,2020,f,8477249
benchmark,NLD,2020,m,8365301
benchmark,NLD,2025,f,8621997
benchmark,NLD,2025,m,8593416
benchmark,NLD,2030,f,8803318
benchmark,NLD,2030,m,8819224
benchmark,NLD,2035,f,9000288
benchmark,NLD,2035,m,9029155
benchmark,NLD,2040,f,9204352
benchmark,NLD,2040,m,9227451
benchmark,NLD,2045,f,9422648
benchmark,NLD,2045,m,9429723
benchmark,NLD,2050,f,9671524
benchmark,NLD,2050,m,9662175
benchmark,POL,2015,f,19120105
benchmark,POL,2015,m,17903945
benchmark,POL,2020,f,18923040
benchmark,POL,2020,m,17674895
benchmark,POL,2025,f,18665126
benchmark,POL,2025,m,17363699
benchmark,POL,2030,f,18331951
benchmark,POL,2030,m,16976256
benchmark,POL,2035,f,17931200
benchmark,POL,2035,m,16538352
benchmark,POL,2040,f,17472159
benchmark,POL,2040,m,16075030
benchmark,POL,2045,f,16963029
benchmark,POL,2045,m,15596963
benchmark,POL,2050,f,16422341
benchmark,POL,2050,m,15106622
benchmark,PRT,2015,f,5436353
benchmark,PRT,2015,m,4897669
benchmark,PRT,2020,f,5367588
benchmark,PRT,2020,m,4840156
benchmark,PRT,2025,f,5287279
benchmark,PRT,2025,m,4763190
benchmark,PRT,2030,f,5222278
benchmark,PRT,2030,m,4701720
benchmark,PRT,2035,f,5174585
benchmark,PRT,2035,m,4658469
benchmark,PRT,2040,f,5141629
benchmark,PRT,2040,m,4632619
benchmark,PRT,2045,f,5122262
benchmark,PRT,2045,m,4626740
benchmark,PRT,2050,f,5120006
benchmark,PRT,2050,m,4646424
benchmark,ROU,2015,f,10153186
benchmark,ROU,2015,m,9689349
benchmark,ROU,2020,f,9867476
benchmark,ROU,2020,m,9382211
benchmark,ROU,2025,f,9591386
benchmark,ROU,2025,m,9055815
benchmark,ROU,2030,f,9328672
benchmark,ROU,2030,m,8763570
benchmark,ROU,2035,f,9070951
benchmark,ROU,2035,m,8483434
benchmark,ROU,2040,f,8799829
benchmark,ROU,2040,m,8200234
benchmark,ROU,2045,f,8512456
benchmark,ROU,2045,m,7910169
benchmark,ROU,2050,f,8213319
benchmark,ROU,2050,m,7610525
benchmark,SVK,2015,f,2719137
benchmark,SVK,2015,m,2581466
benchmark,SVK,2020,f,2732421
benchmark,SVK,2020,m,2592236
benchmark,SVK,2025,f,2724613
benchmark,SVK,2025,m,2583129
benchmark,SVK,2030,f,2702352
benchmark,SVK,2030,m,2558205
benchmark,SVK,2035,f,2669470
benchmark,SVK,2035,m,2522335
benchmark,SVK,2040,f,2630590
benchmark,SVK,2040,m,2482188
benchmark,SVK,2045,f,2589180
benchmark,SVK,2045,m,2442111
benchmark,SVK,2050,f,2545813
benchmark,SVK,2050,m,2402615
benchmark,SVN,2015,f,1033185
benchmark,SVN,2015,m,1008864
benchmark,SVN,2020,f,1049954
benchmark,SVN,2020,m,1030631
benchmark,SVN,2025,f,1054516
benchmark,SVN,2025,m,1036882
benchmark,SVN,2030,f,1055590
benchmark,SVN,2030,m,1038198
benchmark,SVN,2035,f,1056601
benchmark,SVN,2035,m,1038114
benchmark,SVN,2040,f,1059513
benchmark,SVN,2040,m,1039894
benchmark,SVN,2045,f,1065316
benchmark,SVN,2045,m,1045846
benchmark,SVN,2050,f,1072645
benchmark,SVN,2050,m,1055768
benchmark,SWE,2015,f,4693350
benchmark,SWE,2015,m,4675331
benchmark,SWE,2020,f,4838993
benchmark,SWE,2020,m,4846020
benchmark,SWE,2025,f,5001846
benchmark,SWE,2025,m,5013818
benchmark,SWE,2030,f,5173580
benchmark,SWE,2030,m,5183753
benchmark,SWE,2035,f,5364543
benchmark,SWE,2035,m,5372126
benchmark,SWE,2040,f,5593768
benchmark,SWE,2040,m,5604229
benchmark,SWE,2045,f,5874979
benchmark,SWE,2045,m,5895363
benchmark,SWE,2050,f,6213403
benchmark,SWE,2050,m,6246581
igc,AUT,2015,f,4343612
igc,AUT,2015,m,4149943
igc,AUT,2020,f,4391971
igc,AUT,2020,m,4235686
igc,AUT,2025,f,4421941
igc,AUT,2025,m,4282152
igc,AUT,2030,f,4434436
igc,AUT,2030,m,4302896
igc,AUT,2035,f,4430413
igc,AUT,2035,m,4304357
igc,AUT,2040,f,4418903
igc,AUT,2040,m,4297518
igc,AUT,2045,f,4406170
igc,AUT,2045,m,4287847
igc,AUT,2050,f,4386271
igc,AUT,2050,m,4270597
igc,BEL,2015,f,5449307
igc,BEL,2015,m,5270093
igc,BEL,2020,f,5581725
igc,BEL,2020,m,5474723
igc,BEL,2025,f,5697640
igc,BEL,2025,m,5656056
igc,BEL,2030,f,5812294
igc,BEL,2030,m,5815327
igc,BEL,2035,f,5933730
igc,BEL,2035,m,5965443
igc,BEL,2040,f,6063599
igc,BEL,2040,m,6113495
igc,BEL,2045,f,6198963
igc,BEL,2045,m,6261828
igc,BEL,2050,f,6323271
igc,BEL,2050,m,6394320
igc,BGR,2015,f,3697203
igc,BGR,2015,m,3498544
igc,BGR,2020,f,3522933
igc,BGR,2020,m,3333200
igc,BGR,2025,f,3348713
igc,BGR,2025,m,3165032
igc,BGR,2030,f,3182166
igc,BGR,2030,m,3005671
igc,BGR,2035,f,3028230
igc,BGR,2035,m,2860721
igc,BGR,2040,f,2888585
igc,BGR,2040,m,2731001
igc,BGR,2045,f,2763167
igc,BGR,2045,m,2614665
igc,BGR,2050,f,2648523
igc,BGR,2050,m,2506471
igc,CYP,2015,f,427396
igc,CYP,2015,m,403179
igc,CYP,2020,f,453910
igc,CYP,2020,m,428041
igc,CYP,2025,f,471505
igc,CYP,2025,m,445777
igc,CYP,2030,f,486500
igc,CYP,2030,m,461115
igc,CYP,2035,f,500152
igc,CYP,2035,m,475378
igc,CYP,2040,f,512772
igc,CYP,2040,m,489270
igc,CYP,2045,f,525613
igc,CYP,2045,m,503784
igc,CYP,2050,f,537454
igc,CYP,2050,m,517939
igc,CZE,2015,f,5228414
igc,CZE,2015,m,5034838
igc,CZE,2020,f,5232357
igc,CZE,2020,m,5034796
igc,CZE,2025,f,5199235
igc,CZE,2025,m,4988371
igc,CZE,2030,f,5132399
igc,CZE,2030,m,4908368
igc,CZE,2035,f,5044242
igc,CZE,2035,m,4814508
igc,CZE,2040,f,4955217
igc,CZE,2040,m,4729410
igc,CZE,2045,f,4872827
igc,CZE,2045,m,4658125
igc,CZE,2050,f,4791863
igc,CZE,2050,m,4587817
igc,DEU,2015,f,40014655
igc,DEU,2015,m,38408703
igc,DEU,2020,f,39784962
igc,DEU,2020,m,38408007
igc,DEU,2025,f,39505514
igc,DEU,2025,m,38158799
igc,DEU,2030,f,39133657
igc,DEU,2030,m,37788544
igc,DEU,2035,f,38689888
igc,DEU,2035,m,37343433
igc,DEU,2040,f,38183841
igc,DEU,2040,m,36845786
igc,DEU,2045,f,37651847
igc,DEU,2045,m,36302845
igc,DEU,2050,f,37036406
igc,DEU,2050,m,35675426
igc,DNK,2015,f,2716763
igc,DNK,2015,m,2693346
igc,DNK,2020,f,2785916
igc,DNK,2020,m,2755067
igc,DNK,2025,f,2840633
igc,DNK,2025,m,2804595
igc,DNK,2030,f,2896893
igc,DNK,2030,m,2855293
igc,DNK,2035,f,2951458
igc,DNK,2035,m,2904604
igc,DNK,2040,f,3002738
igc,DNK,2040,m,2952301
igc,DNK,2045,f,3053242
igc,DNK,2045,m,3001394
igc,DNK,2050,f,3105324
igc,DNK,2050,m,3052785
igc,ESP,2015,f,23351569
igc,ESP,2015,m,22530825
igc,ESP,2020,f,23545932
igc,ESP,2020,m,22807647
igc,ESP,2025,f,23553479
igc,ESP,2025,m,22868460
igc,ESP,2030,f,23487290
igc,ESP,2030,m,22831693
igc,ESP,2035,f,23405620
igc,ESP,2035,m,22758215
igc,ESP,2040,f,23321785
igc,ESP,2040,m,22678992
igc,ESP,2045,f,23210522
igc,ESP,2045,m,22581252
igc,ESP,2050,f,22996841
igc,ESP,2050,m,22383148
igc,EST,2015,f,692303
igc,EST,2015,m,603739
igc,EST,2020,f,698956
igc,EST,2020,m,617334
igc,EST,2025,f,696868
igc,EST,2025,m,623840
igc,EST,2030,f,694721
igc,EST,2030,m,629674
igc,EST,2035,f,694444
igc,EST,2035,m,636043
igc,EST,2040,f,695621
igc,EST,2040,m,643369
igc,EST,2045,f,698511
igc,EST,2045,m,652284
igc,EST,2050,f,701419
igc,EST,2050,m,660945
igc,FIN,2015,f,2734251
igc,FIN,2015,m,2656578
igc,FIN,2020,f,2775167
igc,FIN,2020,m,2703371
igc,FIN,2025,f,2800087
igc,FIN,2025,m,2725412
igc,FIN,2030,f,2821395
igc,FIN,2030,m,2742033
igc,FIN,2035,f,2835395
igc,FIN,2035,m,2752657
igc,FIN,2040,f,2843105
igc,FIN,2040,m,2761749
igc,FIN,2045,f,2849608
igc,FIN,2045,m,2775840
igc,FIN,2050,f,2861108
igc,FIN,2050,m,2798495
igc,FRA,2015,f,34146152
igc,FRA,2015,m,32029914
igc,FRA,2020,f,35096226
igc,FRA,2020,m,33009394
igc,FRA,2025,f,35942730
igc,FRA,2025,m,33831702
igc,FRA,2030,f,36850717
igc,FRA,2030,m,34710801
igc,FRA,2035,f,37824519
igc,FRA,2035,m,35642678
igc,FRA,2040,f,38812065
igc,FRA,2040,m,36591054
igc,FRA,2045,f,39760499
igc,FRA,2045,m,37540920
igc,FRA,2050,f,40634505
igc,FRA,2050,m,38469347
igc,GBR,2015,f,32685700
igc,GBR,2015,m,31695319
igc,GBR,2020,f,33627855
igc,GBR,2020,m,32749861
igc,GBR,2025,f,34354938
igc,GBR,2025,m,33557342
igc,GBR,2030,f,35030564
igc,GBR,2030,m,34245392
igc,GBR,2035,f,35706226
igc,GBR,2035,m,34906495
igc,GBR,2040,f,36449970
igc,GBR,2040,m,35628607
igc,GBR,2045,f,37310599
igc,GBR,2045,m,36470902
igc,GBR,2050,f,38229600
igc,GBR,2050,m,37378024
igc,GRC,2015,f,5562692
igc,GRC,2015,m,5238955
igc,GRC,2020,f,5500718
igc,GRC,2020,m,5182707
igc,GRC,2025,f,5412179
igc,GRC,2025,m,5086522
igc,GRC,2030,f,5308570
igc,GRC,2030,m,4984695
igc,GRC,2035,f,5202009
igc,GRC,2035,m,4884772
igc,GRC,2040,f,5100745
igc,GRC,2040,m,4792248
igc,GRC,2045,f,5001490
igc,GRC,2045,m,4704803
igc,GRC,2050,f,4898304
igc,GRC,2050,m,4616869
igc,HRV,2015,f,2163467
igc,HRV,2015,m,2014803
igc,HRV,2020,f,2115924
igc,HRV,2020,m,1970264
igc,HRV,2025,f,2051131
igc,HRV,2025,m,1917624
igc,HRV,2030,f,1990574
igc,HRV,2030,m,1865424
igc,HRV,2035,f,1932618
igc,HRV,2035,m,1813038
igc,HRV,2040,f,1874031
igc,HRV,2040,m,1759430
igc,HRV,2045,f,1815296
igc,HRV,2045,m,1707357
igc,HRV,2050,f,1756966
igc,HRV,2050,m,1657704
igc,HUN,2015,f,5138803
igc,HUN,2015,m,4677492
igc,HUN,2020,f,5015701
igc,HUN,2020,m,4574871
igc,HUN,2025,f,4869641
igc,HUN,2025,m,4453094
igc,HUN,2030,f,4721508
igc,HUN,2030,m,4327069
igc,HUN,2035,f,4569918
igc,HUN,2035,m,4196733
igc,HUN,2040,f,4416154
igc,HUN,2040,m,4064173
igc,HUN,2045,f,4263506
igc,HUN,2045,m,3931946
igc,HUN,2050,f,4115361
igc,HUN,2050,m,3800298
igc,IRL,2015,f,2270679
igc,IRL,2015,m,2220383
igc,IRL,2020,f,2424224
igc,IRL,2020,m,2370507
igc,IRL,2025,f,2563495
igc,IRL,2025,m,2507119
igc,IRL,2030,f,2702423
igc,IRL,2030,m,2642031
igc,IRL,2035,f,2838956
igc,IRL,2035,m,2774572
igc,IRL,2040,f,2976559
igc,IRL,2040,m,2909406
igc,IRL,2045,f,3117116
igc,IRL,2045,m,3048718
igc,IRL,2050,f,3256854
igc,IRL,2050,m,3188464
igc,ITA,2015,f,31142823
igc,ITA,2015,m,29347293
igc,ITA,2020,f,30947738
igc,ITA,2020,m,29381361
igc,ITA,2025,f,30595041
igc,ITA,2025,m,29146181
igc,ITA,2030,f,30191426
igc,ITA,2030,m,28803111
igc,ITA,2035,f,29768703
igc,ITA,2035,m,28428119
igc,ITA,2040,f,29347333
igc,ITA,2040,m,28044410
igc,ITA,2045,f,28914849
igc,ITA,2045,m,27647595
igc,ITA,2050,f,28428699
igc,ITA,2050,m,27189646
igc,LTU,2015,f,1572907
igc,LTU,2015,m,1343858
igc,LTU,2020,f,1544011
igc,LTU,2020,m,1317110
igc,LTU,2025,f,1511296
igc,LTU,2025,m,1293333
igc,LTU,2030,f,1478747
igc,LTU,2030,m,1271937
igc,LTU,2035,f,1447556
igc,LTU,2035,m,1251069
igc,LTU,2040,f,1418568
igc,LTU,2040,m,1231477
igc,LTU,2045,f,1393093
igc,LTU,2045,m,1215851
igc,LTU,2050,f,1369160
igc,LTU,2050,m,1202302
igc,LUX,2015,f,252484
igc,LUX,2015,m,256132
igc,LUX,2020,f,285268
igc,LUX,2020,m,291295
igc,LUX,2025,f,311635
igc,LUX,2025,m,318689
igc,LUX,2030,f,339459
igc,LUX,2030,m,346838
igc,LUX,2035,f,369011
igc,LUX,2035,m,376086
igc,LUX,2040,f,400340
igc,LUX,2040,m,406738
igc,LUX,2045,f,433757
igc,LUX,2045,m,439205
igc,LUX,2050,f,467703
igc,LUX,2050,m,472250
igc,LVA,2015,f,1070965
igc,LVA,2015,m,907266
igc,LVA,2020,f,1049394
igc,LVA,2020,m,895238
igc,LVA,2025,f,1022984
igc,LVA,2025,m,882960
igc,LVA,2030,f,998672
igc,LVA,2030,m,871735
igc,LVA,2035,f,978969
igc,LVA,2035,m,863304
igc,LVA,2040,f,961542
igc,LVA,2040,m,856216
igc,LVA,2045,f,946162
igc,LVA,2045,m,850553
igc,LVA,2050,f,930453
igc,LVA,2050,m,844339
igc,MLT,2015,f,217567
igc,MLT,2015,m,217845
igc,MLT,2020,f,232297
igc,MLT,2020,m,232828
igc,MLT,2025,f,243096
igc,MLT,2025,m,244014
igc,MLT,2030,f,253235
igc,MLT,2030,m,255609
igc,MLT,2035,f,263198
igc,MLT,2035,m,267912
igc,MLT,2040,f,272763
igc,MLT,2040,m,280978
igc,MLT,2045,f,282970
igc,MLT,2045,m,295564
igc,MLT,2050,f,293539
igc,MLT,2050,m,311325
igc,NLD,2015,f,8314019
igc,NLD,2015,m,8167538
igc,NLD,2020,f,8477249
igc,NLD,2020,m,8365301
igc,NLD,2025,f,8597756
igc,NLD,2025,m,8566091
igc,NLD,2030,f,8742135
igc,NLD,2030,m,8749888
igc,NLD,2035,f,8885387
igc,NLD,2035,m,8900629
igc,NLD,2040,f,9015871
igc,NLD,2040,m,9019362
igc,NLD,2045,f,9135467
igc,NLD,2045,m,9116503
igc,NLD,2050,f,9247596
igc,NLD,2050,m,9203353
igc,POL,2015,f,19120105
igc,POL,2015,m,17903945
igc,POL,2020,f,18923040
igc,POL,2020,m,17674895
igc,POL,2025,f,18669534
igc,POL,2025,m,17367044
igc,POL,2030,f,18334268
igc,POL,2030,m,16975816
igc,POL,2035,f,17938755
igc,POL,2035,m,16540118
igc,POL,2040,f,17483853
igc,POL,2040,m,16077449
igc,POL,2045,f,16977261
igc,POL,2045,m,15598005
igc,POL,2050,f,16435671
igc,POL,2050,m,15101970
igc,PRT,2015,f,5436353
igc,PRT,2015,m,4897669
igc,PRT,2020,f,5367588
igc,PRT,2020,m,4840156
igc,PRT,2025,f,5282714
igc,PRT,2025,m,4759498
igc,PRT,2030,f,5197935
igc,PRT,2030,m,4678233
igc,PRT,2035,f,5118698
igc,PRT,2035,m,4602946
igc,PRT,2040,f,5034121
igc,PRT,2040,m,4524043
igc,PRT,2045,f,4939159
igc,PRT,2045,m,4439913
igc,PRT,2050,f,4830822
igc,PRT,2050,m,4349491
igc,ROU,2015,f,10153186
igc,ROU,2015,m,9689349
igc,ROU,2020,f,9867476
igc,ROU,2020,m,9382211
igc,ROU,2025,f,9594244
igc,ROU,2025,m,9058037
igc,ROU,2030,f,9330120
igc,ROU,2030,m,8763968
igc,ROU,2035,f,9078573
igc,ROU,2035,m,8489251
igc,ROU,2040,f,8811683
igc,ROU,2040,m,8209680
igc,ROU,2045,f,8526410
igc,ROU,2045,m,7920894
igc,ROU,2050,f,8226380
igc,ROU,2050,m,7619190
igc,SVK,2015,f,2719137
igc,SVK,2015,m,2581466
igc,SVK,2020,f,2732421
igc,SVK,2020,m,2592236
igc,SVK,2025,f,2724424
igc,SVK,2025,m,2582544
igc,SVK,2030,f,2700831
igc,SVK,2030,m,2555440
igc,SVK,2035,f,2666182
igc,SVK,2035,m,2516399
igc,SVK,2040,f,2624318
igc,SVK,2040,m,2471321
igc,SVK,2045,f,2578433
igc,SVK,2045,m,2424207
igc,SVK,2050,f,2528202
igc,SVK,2050,m,2374283
igc,SVN,2015,f,1033185
igc,SVN,2015,m,1008864
igc,SVN,2020,f,1049954
igc,SVN,2020,m,1030631
igc,SVN,2025,f,1054066
igc,SVN,2025,m,1036287
igc,SVN,2030,f,1054028
igc,SVN,2030,m,1035913
igc,SVN,2035,f,1052689
igc,SVN,2035,m,1032598
igc,SVN,2040,f,1051789
igc,SVN,2040,m,1028974
igc,SVN,2045,f,1051789
igc,SVN,2045,m,1026776
igc,SVN,2050,f,1050469
igc,SVN,2050,m,1024552
igc,SWE,2015,f,4693350
igc,SWE,2015,m,4675331
igc,SWE,2020,f,4838993
igc,SWE,2020,m,4846020
igc,SWE,2025,f,4982065
igc,SWE,2025,m,4994250
igc,SWE,2030,f,5124427
igc,SWE,2030,m,5133247
igc,SWE,2035,f,5272097
igc,SWE,2035,m,5274990
igc,SWE,2040,f,5438447
igc,SWE,2040,m,5438921
igc,SWE,2045,f,5631724
igc,SWE,2045,m,5634435
igc,SWE,2050,f,5845807
igc,SWE,2050,m,5850633
no-migration,AUT,2015,f,4343612
no-migration,AUT,2015,m,4149943
no-migration,AUT,2020,f,4328285
no-migration,AUT,2020,m,4162870
no-migration,AUT,2025,f,4305573
no-migration,AUT,2025,m,4148636
no-migration,AUT,2030,f,4266548
no-migration,AUT,2030,m,4111042
no-migration,AUT,2035,f,4207862
no-migration,AUT,2035,m,4052197
no-migration,AUT,2040,f,4135155
no-migration,AUT,2040,m,3978894
no-migration,AUT,2045,f,4052482
no-migration,AUT,2045,m,3894239
no-migration,AUT,2050,f,3955035
no-migration,AUT,2050,m,3794918
no-migration,BEL,2015,f,5449307
no-migration,BEL,2015,m,5270093
no-migration,BEL,2020,f,5492027
no-migration,BEL,2020,m,5367975
no-migration,BEL,2025,f,5525859
no-migration,BEL,2025,m,5453924
no-migration,BEL,2030,f,5550452
no-migration,BEL,2030,m,5508980
no-migration,BEL,2035,f,5569533
no-migration,BEL,2035,m,5541760
no-migration,BEL,2040,f,5583611
no-migration,BEL,2040,m,5558936
no-migration,BEL,2045,f,5584207
no-migration,BEL,2045,m,5556788
no-migration,BEL,2050,f,5564986
no-migration,BEL,2050,m,5531293
no-migration,BGR,2015,f,3697203
no-migration,BGR,2015,m,3498544
no-migration,BGR,2020,f,3587585
no-migration,BGR,2020,m,3388379
no-migration,BGR,2025,f,3473022
no-migration,BGR,2025,m,3273172
no-migration,BGR,2030,f,3353875
no-migration,BGR,2030,m,3156712
no-migration,BGR,2035,f,3233587
no-migration,BGR,2035,m,3043032
no-migration,BGR,2040,f,3117727
no-migration,BGR,2040,m,2936543
no-migration,BGR,2045,f,3008360
no-migration,BGR,2045,m,2836550
no-migration,BGR,2050,f,2904224
no-migration,BGR,2050,m,2739209
no-migration,CYP,2015,f,427396
no-migration,CYP,2015,m,403179
no-migration,CYP,2020,f,435273
no-migration,CYP,2020,m,409939
no-migration,CYP,2025,f,441441
no-migration,CYP,2025,m,416109
no-migration,CYP,2030,f,443972
no-migration,CYP,2030,m,418628
no-migration,CYP,2035,f,443481
no-migration,CYP,2035,m,418192
no-migration,CYP,2040,f,440932
no-migration,CYP,2040,m,415989
no-migration,CYP,2045,f,436620
no-migration,CYP,2045,m,412501
no-migration,CYP,2050,f,430354
no-migration,CYP,2050,m,407589
no-migration,CZE,2015,f,5228414
no-migration,CZE,2015,m,5034838
no-migration,CZE,2020,f,5204932
no-migration,CZE,2020,m,5020161
no-migration,CZE,2025,f,5154347
no-migration,CZE,2025,m,4967063
no-migration,CZE,2030,f,5071889
no-migration,CZE,2030,m,4877973
no-migration,CZE,2035,f,4966850
no-migration,CZE,2035,m,4768270
no-migration,CZE,2040,f,4857952
no-migration,CZE,2040,m,4659282
no-migration,CZE,2045,f,4749941
no-migration,CZE,2045,m,4555215
no-migration,CZE,2050,f,4638536
no-migration,CZE,2050,m,4446529
no-migration,DEU,2015,f,40014655
no-migration,DEU,2015,m,38408703
no-migration,DEU,2020,f,39528569
no-migration,DEU,2020,m,38154142
no-migration,DEU,2025,f,38995664
no-migration,DEU,2025,m,37648983
no-migration,DEU,2030,f,38347096
no-migration,DEU,2030,m,37000981
no-migration,DEU,2035,f,37604495
no-migration,DEU,2035,m,36259365
no-migration,DEU,2040,f,36779977
no-migration,DEU,2040,m,35449518
no-migration,DEU,2045,f,35899526
no-migration,DEU,2045,m,34561941
no-migration,DEU,2050,f,34920538
no-migration,DEU,2050,m,33571053
no-migration,DNK,2015,f,2716763
no-migration,DNK,2015,m,2693346
no-migration,DNK,2020,f,2748204
no-migration,DNK,2020,m,2719057
no-migration,DNK,2025,f,2770328
no-migration,DNK,2025,m,2737684
no-migration,DNK,2030,f,2788616
no-migration,DNK,2030,m,2752677
no-migration,DNK,2035,f,2798627
no-migration,DNK,2035,m,2759767
no-migration,DNK,2040,f,2798825
no-migration,DNK,2040,m,2758745
no-migration,DNK,2045,f,2789922
no-migration,DNK,2045,m,2750522
no-migration,DNK,2050,f,2775282
no-migration,DNK,2050,m,2737187
no-migration,ESP,2015,f,23351569
no-migration,ESP,2015,m,22530825
no-migration,ESP,2020,f,23309852
no-migration,ESP,2020,m,22527985
no-migration,ESP,2025,f,23113593
no-migration,ESP,2025,m,22355324
no-migration,ESP,2030,f,22830531
no-migration,ESP,2030,m,22067556
no-migration,ESP,2035,f,22505354
no-migration,ESP,2035,m,21711546
no-migration,ESP,2040,f,22159343
no-migration,ESP,2040,m,21326484
no-migration,ESP,2045,f,21762381
no-migration,ESP,2045,m,20894294
no-migration,ESP,2050,f,21260463
no-migration,ESP,2050,m,20360628
no-migration,EST,2015,f,692303
no-migration,EST,2015,m,603739
no-migration,EST,2020,f,684423
no-migration,EST,2020,m,602518
no-migration,EST,2025,f,672903
no-migration,EST,2025,m,599089
no-migration,EST,2030,f,658279
no-migration,EST,2030,m,592222
no-migration,EST,2035,f,643145
no-migration,EST,2035,m,583573
no-migration,EST,2040,f,629194
no-migration,EST,2040,m,574956
no-migration,EST,2045,f,615967
no-migration,EST,2045,m,566446
no-migration,EST,2050,f,602448
no-migration,EST,2050,m,556974
no-migration,FIN,2015,f,2734251
no-migration,FIN,2015,m,2656578
no-migration,FIN,2020,f,2750919
no-migration,FIN,2020,m,2683544
no-migration,FIN,2025,f,2760714
no-migration,FIN,2025,m,2692992
no-migration,FIN,2030,f,2766799
no-migration,FIN,2030,m,2694895
no-migration,FIN,2035,f,2764548
no-migration,FIN,2035,m,2687877
no-migration,FIN,2040,f,2753695
no-migration,FIN,2040,m,2675288
no-migration,FIN,2045,f,2737349
no-migration,FIN,2045,m,2661928
no-migration,FIN,2050,f,2721796
no-migration,FIN,2050,m,2651916
no-migration,FRA,2015,f,34146152
no-migration,FRA,2015,m,32029914
no-migration,FRA,2020,f,34617549
no-migration,FRA,2020,m,32626661
no-migration,FRA,2025,f,35014104
no-migration,FRA,2025,m,33072428
no-migration,FRA,2030,f,35416903
no-migration,FRA,2030,m,33497438
no-migration,FRA,2035,f,35830644
no-migration,FRA,2035,m,33903078
no-migration,FRA,2040,f,36192814
no-migration,FRA,2040,m,34248299
no-migration,FRA,2045,f,36433348
no-migration,FRA,2045,m,34505549
no-migration,FRA,2050,f,36556498
no-migration,FRA,2050,m,34698536
no-migration,GBR,2015,f,32685700
no-migration,GBR,2015,m,31695319
no-migration,GBR,2020,f,33189900
no-migration,GBR,2020,m,32363392
no-migration,GBR,2025,f,33560797
no-migration,GBR,2025,m,32841825
no-migration,GBR,2030,f,33825928
no-migration,GBR,2030,m,33152673
no-migration,GBR,2035,f,33990476
no-migration,GBR,2035,m,33343102
no-migration,GBR,2040,f,34104563
no-migration,GBR,2040,m,33483312
no-migration,GBR,2045,f,34211663
no-migration,GBR,2045,m,33626077
no-migration,GBR,2050,f,34298786
no-migration,GBR,2050,m,33754185
no-migration,GRC,2015,f,5562692
no-migration,GRC,2015,m,5238955
no-migration,GRC,2020,f,5501704
no-migration,GRC,2020,m,5177402
no-migration,GRC,2025,f,5425891
no-migration,GRC,2025,m,5092845
no-migration,GRC,2030,f,5333721
no-migration,GRC,2030,m,5002520
no-migration,GRC,2035,f,5234995
no-migration,GRC,2035,m,4910383
no-migration,GRC,2040,f,5132105
no-migration,GRC,2040,m,4816003
no-migration,GRC,2045,f,5019344
no-migration,GRC,2045,m,4714569
no-migration,GRC,2050,f,4890656
no-migration,GRC,2050,m,4601264
no-migration,HRV,2015,f,2163467
no-migration,HRV,2015,m,2014803
no-migration,HRV,2020,f,2131742
no-migration,HRV,2020,m,1987383
no-migration,HRV,2025,f,2087884
no-migration,HRV,2025,m,1956965
no-migration,HRV,2030,f,2045195
no-migration,HRV,2030,m,1923447
no-migration,HRV,2035,f,2001539
no-migration,HRV,2035,m,1885588
no-migration,HRV,2040,f,1955111
no-migration,HRV,2040,m,1843530
no-migration,HRV,2045,f,1904808
no-migration,HRV,2045,m,1798463
no-migration,HRV,2050,f,1850695
no-migration,HRV,2050,m,1751300
no-migration,HUN,2015,f,5138803
no-migration,HUN,2015,m,4677492
no-migration,HUN,2020,f,5016532
no-migration,HUN,2020,m,4580621
no-migration,HUN,2025,f,4875198
no-migration,HUN,2025,m,4467261
no-migration,HUN,2030,f,4729287
no-migration,HUN,2030,m,4345711
no-migration,HUN,2035,f,4576546
no-migration,HUN,2035,m,4215072
no-migration,HUN,2040,f,4419100
no-migration,HUN,2040,m,4078432
no-migration,HUN,2045,f,4259122
no-migration,HUN,2045,m,3937368
no-migration,HUN,2050,f,4099668
no-migration,HUN,2050,m,3792526
no-migration,IRL,2015,f,2270679
no-migration,IRL,2015,m,2220383
no-migration,IRL,2020,f,2368586
no-migration,IRL,2020,m,2322140
no-migration,IRL,2025,f,2452403
no-migration,IRL,2025,m,2406873
no-migration,IRL,2030,f,2526291
no-migration,IRL,2030,m,2478056
no-migration,IRL,2035,f,2593903
no-migration,IRL,2035,m,2541526
no-migration,IRL,2040,f,2658276
no-migration,IRL,2040,m,2601924
no-migration,IRL,2045,f,2716673
no-migration,IRL,2045,m,2657026
no-migration,IRL,2050,f,2764587
no-migration,IRL,2050,m,2702232
no-migration,ITA,2015,f,31142823
no-migration,ITA,2015,m,29347293
no-migration,ITA,2020,f,30726074
no-migration,ITA,2020,m,29177457
no-migration,ITA,2025,f,30207741
no-migration,ITA,2025,m,28798256
no-migration,ITA,2030,f,29633013
no-migration,ITA,2030,m,28296218
no-migration,ITA,2035,f,29027465
no-migration,ITA,2035,m,27741710
no-migration,ITA,2040,f,28390550
no-migration,ITA,2040,m,27141143
no-migration,ITA,2045,f,27698686
no-migration,ITA,2045,m,26479000
no-migration,ITA,2050,f,26923137
no-migration,ITA,2050,m,25722813
no-migration,LTU,2015,f,1572907
no-migration,LTU,2015,m,1343858
no-migration,LTU,2020,f,1540078
no-migration,LTU,2020,m,1318768
no-migration,LTU,2025,f,1507114
no-migration,LTU,2025,m,1298856
no-migration,LTU,2030,f,1470944
no-migration,LTU,2030,m,1276713
no-migration,LTU,2035,f,1433100
no-migration,LTU,2035,m,1251188
no-migration,LTU,2040,f,1396385
no-migration,LTU,2040,m,1225423
no-migration,LTU,2045,f,1360905
no-migration,LTU,2045,m,1201268
no-migration,LTU,2050,f,1325733
no-migration,LTU,2050,m,1178240
no-migration,LUX,2015,f,252484
no-migration,LUX,2015,m,256132
no-migration,LUX,2020,f,260998
no-migration,LUX,2020,m,264637
no-migration,LUX,2025,f,268666
no-migration,LUX,2025,m,271868
no-migration,LUX,2030,f,274898
no-migration,LUX,2030,m,277335
no-migration,LUX,2035,f,279958
no-migration,LUX,2035,m,281174
no-migration,LUX,2040,f,283805
no-migration,LUX,2040,m,283539
no-migration,LUX,2045,f,285979
no-migration,LUX,2045,m,284091
no-migration,LUX,2050,f,286041
no-migration,LUX,2050,m,282560
no-migration,LVA,2015,f,1070965
no-migration,LVA,2015,m,907266
no-migration,LVA,2020,f,1039972
no-migration,LVA,2020,m,887835
no-migration,LVA,2025,f,1007591
no-migration,LVA,2025,m,871208
no-migration,LVA,2030,f,974062
no-migration,LVA,2030,m,852275
no-migration,LVA,2035,f,941913
no-migration,LVA,2035,m,832429
no-migration,LVA,2040,f,912505
no-migration,LVA,2040,m,813216
no-migration,LVA,2045,f,884675
no-migration,LVA,2045,m,794083
no-migration,LVA,2050,f,856532
no-migration,LVA,2050,m,773531
no-migration,MLT,2015,f,217567
no-migration,MLT,2015,m,217845
no-migration,MLT,2020,f,218627
no-migration,MLT,2020,m,220085
no-migration,MLT,2025,f,221965
no-migration,MLT,2025,m,222678
no-migration,MLT,2030,f,223027
no-migration,MLT,2030,m,223118
no-migration,MLT,2035,f,221844
no-migration,MLT,2035,m,221272
no-migration,MLT,2040,f,218915
no-migration,MLT,2040,m,217825
no-migration,MLT,2045,f,214720
no-migration,MLT,2045,m,213411
no-migration,MLT,2050,f,209705
no-migration,MLT,2050,m,208520
no-migration,NLD,2015,f,8314019
no-migration,NLD,2015,m,8167538
no-migration,NLD,2020,f,8370871
no-migration,NLD,2020,m,8260145
no-migration,NLD,2025,f,8387003
no-migration,NLD,2025,m,8359424
no-migration,NLD,2030,f,8410504
no-migration,NLD,2030,m,8423446
no-migration,NLD,2035,f,8417675
no-migration,NLD,2035,m,8436758
no-migration,NLD,2040,f,8397126
no-migration,NLD,2040,m,8401596
no-migration,NLD,2045,f,8347070
no-migration,NLD,2045,m,8325269
no-migration,NLD,2050,f,8276157
no-migration,NLD,2050,m,8226516
no-migration,POL,2015,f,19120105
no-migration,POL,2015,m,17903945
no-migration,POL,2020,f,19027544
no-migration,POL,2020,m,17799660
no-migration,POL,2025,f,18855312
no-migration,POL,2025,m,17592995
no-migration,POL,2030,f,18586797
no-migration,POL,2030,m,17283268
no-migration,POL,2035,f,18238981
no-migration,POL,2035,m,16902468
no-migration,POL,2040,f,17822014
no-migration,POL,2040,m,16479013
no-migration,POL,2045,f,17340760
no-migration,POL,2045,m,16024939
no-migration,POL,2050,f,16815878
no-migration,POL,2050,m,15544911
no-migration,PRT,2015,f,5436353
no-migration,PRT,2015,m,4897669
no-migration,PRT,2020,f,5372299
no-migration,PRT,2020,m,4853813
no-migration,PRT,2025,f,5279315
no-migration,PRT,2025,m,4773330
no-migration,PRT,2030,f,5176088
no-migration,PRT,2030,m,4682315
no-migration,PRT,2035,f,5065374
no-migration,PRT,2035,m,4583457
no-migration,PRT,2040,f,4941990
no-migration,PRT,2040,m,4472849
no-migration,PRT,2045,f,4799451
no-migration,PRT,2045,m,4347015
no-migration,PRT,2050,f,4636633
no-migration,PRT,2050,m,4206243
no-migration,ROU,2015,f,10153186
no-migration,ROU,2015,m,9689349
no-migration,ROU,2020,f,9972763
no-migration,ROU,2020,m,9509088
no-migration,ROU,2025,f,9770417
no-migration,ROU,2025,m,9275739
no-migration,ROU,2030,f,9557177
no-migration,ROU,2030,m,9051062
no-migration,ROU,2035,f,9336597
no-migration,ROU,2035,m,8825105
no-migration,ROU,2040,f,9102742
no-migration,ROU,2040,m,8593855
no-migration,ROU,2045,f,8849788
no-migration,ROU,2045,m,8349965
no-migration,ROU,2050,f,8585060
no-migration,ROU,2050,m,8091109
no-migration,SVK,2015,f,2719137
no-migration,SVK,2015,m,2581466
no-migration,SVK,2020,f,2722448
no-migration,SVK,2020,m,2582967
no-migration,SVK,2025,f,2709545
no-migration,SVK,2025,m,2569076
no-migration,SVK,2030,f,2679037
no-migration,SVK,2030,m,2535717
no-migration,SVK,2035,f,2634377
no-migration,SVK,2035,m,2487632
no-migration,SVK,2040,f,2580352
no-migration,SVK,2040,m,2431706
no-migration,SVK,2045,f,2520047
no-migration,SVK,2045,m,2371371
no-migration,SVK,2050,f,2453758
no-migration,SVK,2050,m,2306787
no-migration,SVN,2015,f,1033185
no-migration,SVN,2015,m,1008864
no-migration,SVN,2020,f,1030938
no-migration,SVN,2020,m,1012666
no-migration,SVN,2025,f,1023261
no-migration,SVN,2025,m,1006945
no-migration,SVN,2030,f,1010359
no-migration,SVN,2030,m,993364
no-migration,SVN,2035,f,994910
no-migration,SVN,2035,m,975124
no-migration,SVN,2040,f,978734
no-migration,SVN,2040,m,954981
no-migration,SVN,2045,f,961156
no-migration,SVN,2045,m,933514
no-migration,SVN,2050,f,940165
no-migration,SVN,2050,m,909795
no-migration,SWE,2015,f,4693350
no-migration,SWE,2015,m,4675331
no-migration,SWE,2020,f,4746131
no-migration,SWE,2020,m,4753339
no-migration,SWE,2025,f,4796945
no-migration,SWE,2025,m,4809873
no-migration,SWE,2030,f,4830523
no-migration,SWE,2030,m,4841724
no-migration,SWE,2035,f,4849903
no-migration,SWE,2035,m,4857037
no-migration,SWE,2040,f,4868623
no-migration,SWE,2040,m,4875190
no-migration,SWE,2045,f,4890576
no-migration,SWE,2045,m,4901152
no-migration,SWE,2050,f,4912716
no-migration,SWE,2050,m,4927234
recovery-in-europe,AUT,2015,f,4343612
recovery-in-europe,AUT,2015,m,4149943
recovery-in-europe,AUT,2020,f,4391971
recovery-in-europe,AUT,2020,m,4235686
recovery-in-europe,AUT,2025,f,4428794
recovery-in-europe,AUT,2025,m,4289722
recovery-in-europe,AUT,2030,f,4453817
recovery-in-europe,AUT,2030,m,4324392
recovery-in-europe,AUT,2035,f,4468545
recovery-in-europe,AUT,2035,m,4347780
recovery-in-europe,AUT,2040,f,4487164
recovery-in-europe,AUT,2040,m,4376661
recovery-in-europe,AUT,2045,f,4520134
recovery-in-europe,AUT,2045,m,4421875
recovery-in-europe,AUT,2050,f,4569832
recovery-in-europe,AUT,2050,m,4488697
recovery-in-europe,BEL,2015,f,5449307
recovery-in-europe,BEL,2015,m,5270093
recovery-in-europe,BEL,2020,f,5581725
recovery-in-europe,BEL,2020,m,5474723
recovery-in-europe,BEL,2025,f,5717348
recovery-in-europe,BEL,2025,m,5681442
recovery-in-europe,BEL,2030,f,5869521
recovery-in-europe,BEL,2030,m,5886050
recovery-in-europe,BEL,2035,f,6049516
recovery-in-europe,BEL,2035,m,6104792
recovery-in-europe,BEL,2040,f,6267966
recovery-in-europe,BEL,2040,m,6353695
recovery-in-europe,BEL,2045,f,6534278
recovery-in-europe,BEL,2045,m,6648276
recovery-in-europe,BEL,2050,f,6859124
recovery-in-europe,BEL,2050,m,7003079
recovery-in-europe,BGR,2015,f,3697203
recovery-in-europe,BGR,2015,m,3498544
recovery-in-europe,BGR,2020,f,3522933
recovery-in-europe,BGR,2020,m,3333200
recovery-in-europe,BGR,2025,f,3349969
recovery-in-europe,BGR,2025,m,3166472
recovery-in-europe,BGR,2030,f,3186153
recovery-in-europe,BGR,2030,m,3009948
recovery-in-europe,BGR,2035,f,3036952
recovery-in-europe,BGR,2035,m,2869986
recovery-in-europe,BGR,2040,f,2908966
recovery-in-europe,BGR,2040,m,2751904
recovery-in-europe,BGR,2045,f,2799785
recovery-in-europe,BGR,2045,m,2652219
recovery-in-europe,BGR,2050,f,2705816
recovery-in-europe,BGR,2050,m,2565916
recovery-in-europe,CYP,2015,f,427396
recovery-in-europe,CYP,2015,m,403179
recovery-in-europe,CYP,2020,f,453910
recovery-in-europe,CYP,2020,m,428041
recovery-in-europe,CYP,2025,f,474029
recovery-in-europe,CYP,2025,m,447948
recovery-in-europe,CYP,2030,f,493282
recovery-in-europe,CYP,2030,m,467399
recovery-in-europe,CYP,2035,f,512831
recovery-in-europe,CYP,2035,m,488044
recovery-in-europe,CYP,2040,f,535366
recovery-in-europe,CYP,2040,m,512513
recovery-in-europe,CYP,2045,f,563067
recovery-in-europe,CYP,2045,m,542995
recovery-in-europe,CYP,2050,f,597038
recovery-in-europe,CYP,2050,m,581028
recovery-in-europe,CZE,2015,f,5228414
recovery-in-europe,CZE,2015,m,5034838
recovery-in-europe,CZE,2020,f,5232357
recovery-in-europe,CZE,2020,m,5034796
recovery-in-europe,CZE,2025,f,5204602
recovery-in-europe,CZE,2025,m,4995808
recovery-in-europe,CZE,2030,f,5151598
recovery-in-europe,CZE,2030,m,4934743
recovery-in-europe,CZE,2035,f,5079945
recovery-in-europe,CZE,2035,m,4863214
recovery-in-europe,CZE,2040,f,5012502
recovery-in-europe,CZE,2040,m,4807152
recovery-in-europe,CZE,2045,f,4956556
recovery-in-europe,CZE,2045,m,4771930
recovery-in-europe,CZE,2050,f,4908797
recovery-in-europe,CZE,2050,m,4748505
recovery-in-europe,DEU,2015,f,40014655
recovery-in-europe,DEU,2015,m,38408703
recovery-in-europe,DEU,2020,f,39784962
recovery-in-europe,DEU,2020,m,38408007
recovery-in-europe,DEU,2025,f,39545816
recovery-in-europe,DEU,2025,m,38199557
recovery-in-europe,DEU,2030,f,39257011
recovery-in-europe,DEU,2030,m,37914315
recovery-in-europe,DEU,2035,f,38933185
recovery-in-europe,DEU,2035,m,37593471
recovery-in-europe,DEU,2040,f,38605953
recovery-in-europe,DEU,2040,m,37280027
recovery-in-europe,DEU,2045,f,38327394
recovery-in-europe,DEU,2045,m,36998577
recovery-in-europe,DEU,2050,f,38073004
recovery-in-europe,DEU,2050,m,36746602
recovery-in-europe,DNK,2015,f,2716763
recovery-in-europe,DNK,2015,m,2693346
recovery-in-europe,DNK,2020,f,2785916
recovery-in-europe,DNK,2020,m,2755067
recovery-in-europe,DNK,2025,f,2848830
recovery-in-europe,DNK,2025,m,2811788
recovery-in-europe,DNK,2030,f,2921712
recovery-in-europe,DNK,2030,m,2878128
recovery-in-europe,DNK,2035,f,3002244
recovery-in-europe,DNK,2035,m,2952320
recovery-in-europe,DNK,2040,f,3093854
recovery-in-europe,DNK,2040,m,3038764
recovery-in-europe,DNK,2045,f,3203414
recovery-in-europe,DNK,2045,m,3144571
recovery-in-europe,DNK,2050,f,3341939
recovery-in-europe,DNK,2050,m,3279417
recovery-in-europe,ESP,2015,f,23351569
recovery-in-europe,ESP,2015,m,22530825
recovery-in-europe,ESP,2020,f,23545932
recovery-in-europe,ESP,2020,m,22807647
recovery-in-europe,ESP,2025,f,23635402
recovery-in-europe,ESP,2025,m,22974768
recovery-in-europe,ESP,2030,f,23693642
recovery-in-europe,ESP,2030,m,23093334
recovery-in-europe,ESP,2035,f,23765753
recovery-in-europe,ESP,2035,m,23211159
recovery-in-europe,ESP,2040,f,23879937
recovery-in-europe,ESP,2040,m,23374599
recovery-in-europe,ESP,2045,f,24016516
recovery-in-europe,ESP,2045,m,23580577
recovery-in-europe,ESP,2050,f,24136523
recovery-in-europe,ESP,2050,m,23796859
recovery-in-europe,EST,2015,f,692303
recovery-in-europe,EST,2015,m,603739
recovery-in-europe,EST,2020,f,698956
recovery-in-europe,EST,2020,m,617334
recovery-in-europe,EST,2025,f,697691
recovery-in-europe,EST,2025,m,624940
recovery-in-europe,EST,2030,f,698466
recovery-in-europe,EST,2030,m,634333
recovery-in-europe,EST,2035,f,702068
recovery-in-europe,EST,2035,m,646099
recovery-in-europe,EST,2040,f,708932
recovery-in-europe,EST,2040,m,661477
recovery-in-europe,EST,2045,f,719412
recovery-in-europe,EST,2045,m,681857
recovery-in-europe,EST,2050,f,732838
recovery-in-europe,EST,2050,m,707051
recovery-in-europe,FIN,2015,f,2734251
recovery-in-europe,FIN,2015,m,2656578
recovery-in-europe,FIN,2020,f,2775167
recovery-in-europe,FIN,2020,m,2703371
recovery-in-europe,FIN,2025,f,2803318
recovery-in-europe,FIN,2025,m,2729647
recovery-in-europe,FIN,2030,f,2830926
recovery-in-europe,FIN,2030,m,2754482
recovery-in-europe,FIN,2035,f,2854934
recovery-in-europe,FIN,2035,m,2778252
recovery-in-europe,FIN,2040,f,2879489
recovery-in-europe,FIN,2040,m,2808917
recovery-in-europe,FIN,2045,f,2911978
recovery-in-europe,FIN,2045,m,2856142
recovery-in-europe,FIN,2050,f,2963065
recovery-in-europe,FIN,2050,m,2928689
recovery-in-europe,FRA,2015,f,34146152
recovery-in-europe,FRA,2015,m,32029914
recovery-in-europe,FRA,2020,f,35096226
recovery-in-europe,FRA,2020,m,33009394
recovery-in-europe,FRA,2025,f,36076525
recovery-in-europe,FRA,2025,m,33965701
recovery-in-europe,FRA,2030,f,37204584
recovery-in-europe,FRA,2030,m,35059212
recovery-in-europe,FRA,2035,f,38495155
recovery-in-europe,FRA,2035,m,36296923
recovery-in-europe,FRA,2040,f,39946197
recovery-in-europe,FRA,2040,m,37689928
recovery-in-europe,FRA,2045,f,41549531
recovery-in-europe,FRA,2045,m,39266679
recovery-in-europe,FRA,2050,f,43372569
recovery-in-europe,FRA,2050,m,41106701
recovery-in-europe,GBR,2015,f,32685700
recovery-in-europe,GBR,2015,m,31695319
recovery-in-europe,GBR,2020,f,33627855
recovery-in-europe,GBR,2020,m,32749861
recovery-in-europe,GBR,2025,f,34569999
recovery-in-europe,GBR,2025,m,33732919
recovery-in-europe,GBR,2030,f,35584842
recovery-in-europe,GBR,2030,m,34714105
recovery-in-europe,GBR,2035,f,36742655
recovery-in-europe,GBR,2035,m,35811585
recovery-in-europe,GBR,2040,f,38229065
recovery-in-europe,GBR,2040,m,37219055
recovery-in-europe,GBR,2045,f,40175603
recovery-in-europe,GBR,2045,m,39077824
recovery-in-europe,GBR,2050,f,42673615
recovery-in-europe,GBR,2050,m,41476385
recovery-in-europe,GRC,2015,f,5562692
recovery-in-europe,GRC,2015,m,5238955
recovery-in-europe,GRC,2020,f,5500718
recovery-in-europe,GRC,2020,m,5182707
recovery-in-europe,GRC,2025,f,5416982
recovery-in-europe,GRC,2025,m,5093515
recovery-in-europe,GRC,2030,f,5323133
recovery-in-europe,GRC,2030,m,5003038
recovery-in-europe,GRC,2035,f,5230843
recovery-in-europe,GRC,2035,m,4919020
recovery-in-europe,GRC,2040,f,5153272
recovery-in-europe,GRC,2040,m,4852608
recovery-in-europe,GRC,2045,f,5088675
recovery-in-europe,GRC,2045,m,4802662
recovery-in-europe,GRC,2050,f,5035067
recovery-in-europe,GRC,2050,m,4768274
recovery-in-europe,HRV,2015,f,2163467
recovery-in-europe,HRV,2015,m,2014803
recovery-in-europe,HRV,2020,f,2115924
recovery-in-europe,HRV,2020,m,1970264
recovery-in-europe,HRV,2025,f,2051546
recovery-in-europe,HRV,2025,m,1918217
recovery-in-europe,HRV,2030,f,1992218
recovery-in-europe,HRV,2030,m,1867614
recovery-in-europe,HRV,2035,f,1937120
recovery-in-europe,HRV,2035,m,1818778
recovery-in-europe,HRV,2040,f,1885734
recovery-in-europe,HRV,2040,m,1773481
recovery-in-europe,HRV,2045,f,1838549
recovery-in-europe,HRV,2045,m,1734701
recovery-in-europe,HRV,2050,f,1797014
recovery-in-europe,HRV,2050,m,1704543
recovery-in-europe,HUN,2015,f,5138803
recovery-in-europe,HUN,2015,m,4677492
recovery-in-europe,HUN,2020,f,5015701
recovery-in-europe,HUN,2020,m,4574871
recovery-in-europe,HUN,2025,f,4871280
recovery-in-europe,HUN,2025,m,4455353
recovery-in-europe,HUN,2030,f,4728617
recovery-in-europe,HUN,2030,m,4336322
recovery-in-europe,HUN,2035,f,4583995
recovery-in-europe,HUN,2035,m,4215342
recovery-in-europe,HUN,2040,f,4439703
recovery-in-europe,HUN,2040,m,4095768
recovery-in-europe,HUN,2045,f,4299441
recovery-in-europe,HUN,2045,m,3980836
recovery-in-europe,HUN,2050,f,4168345
recovery-in-europe,HUN,2050,m,3873085
recovery-in-europe,IRL,2015,f,2270679
recovery-in-europe,IRL,2015,m,2220383
recovery-in-europe,IRL,2020,f,2424224
recovery-in-europe,IRL,2020,m,2370507
recovery-in-europe,IRL,2025,f,2572674
recovery-in-europe,IRL,2025,m,2515436
recovery-in-europe,IRL,2030,f,2730593
recovery-in-europe,IRL,2030,m,2668613
recovery-in-europe,IRL,2035,f,2898469
recovery-in-europe,IRL,2035,m,2832556
recovery-in-europe,IRL,2040,f,3087659
recovery-in-europe,IRL,2040,m,3019785
recovery-in-europe,IRL,2045,f,3308471
recovery-in-europe,IRL,2045,m,3241494
recovery-in-europe,IRL,2050,f,3573312
recovery-in-europe,IRL,2050,m,3510009
recovery-in-europe,ITA,2015,f,31142823
recovery-in-europe,ITA,2015,m,29347293
recovery-in-europe,ITA,2020,f,30947738
recovery-in-europe,ITA,2020,m,29381361
recovery-in-europe,ITA,2025,f,30677448
recovery-in-europe,ITA,2025,m,29245077
recovery-in-europe,ITA,2030,f,30414836
recovery-in-europe,ITA,2030,m,29051808
recovery-in-europe,ITA,2035,f,30165176
recovery-in-europe,ITA,2035,m,28870941
recovery-in-europe,ITA,2040,f,29975983
recovery-in-europe,ITA,2040,m,28760286
recovery-in-europe,ITA,2045,f,29850128
recovery-in-europe,ITA,2045,m,28737163
recovery-in-europe,ITA,2050,f,29787303
recovery-in-europe,ITA,2050,m,28807804
recovery-in-europe,LTU,2015,f,1572907
recovery-in-europe,LTU,2015,m,1343858
recovery-in-europe,LTU,2020,f,1544011
recovery-in-europe,LTU,2020,m,1317110
recovery-in-europe,LTU,2025,f,1512009
recovery-in-europe,LTU,2025,m,1294325
recovery-in-europe,LTU,2030,f,1481687
recovery-in-europe,LTU,2030,m,1275952
recovery-in-europe,LTU,2035,f,1453913
recovery-in-europe,LTU,2035,m,1259833
recovery-in-europe,LTU,2040,f,1430936
recovery-in-europe,LTU,2040,m,1248352
recovery-in-europe,LTU,2045,f,1414214
recovery-in-europe,LTU,2045,m,1244407
recovery-in-europe,LTU,2050,f,1402753
recovery-in-europe,LTU,2050,m,1247452
recovery-in-europe,LUX,2015,f,252484
recovery-in-europe,LUX,2015,m,256132
recovery-in-europe,LUX,2020,f,285268
recovery-in-europe,LUX,2020,m,291295
recovery-in-europe,LUX,2025,f,313412
recovery-in-europe,LUX,2025,m,320402
recovery-in-europe,LUX,2030,f,345420
recovery-in-europe,LUX,2030,m,352850
recovery-in-europe,LUX,2035,f,382563
recovery-in-europe,LUX,2035,m,390068
recovery-in-europe,LUX,2040,f,426684
recovery-in-europe,LUX,2040,m,434553
recovery-in-europe,LUX,2045,f,480835
recovery-in-europe,LUX,2045,m,489790
recovery-in-europe,LUX,2050,f,548215
recovery-in-europe,LUX,2050,m,559720
recovery-in-europe,LVA,2015,f,1070965
recovery-in-europe,LVA,2015,m,907266
recovery-in-europe,LVA,2020,f,1049394
recovery-in-europe,LVA,2020,m,895238
recovery-in-europe,LVA,2025,f,1023976
recovery-in-europe,LVA,2025,m,884200
recovery-in-europe,LVA,2030,f,1003354
recovery-in-europe,LVA,2030,m,877236
recovery-in-europe,LVA,2035,f,988462
recovery-in-europe,LVA,2035,m,875134
recovery-in-europe,LVA,2040,f,979130
recovery-in-europe,LVA,2040,m,878817
recovery-in-europe,LVA,2045,f,974806
recovery-in-europe,LVA,2045,m,888814
recovery-in-europe,LVA,2050,f,973462
recovery-in-europe,LVA,2050,m,904460
recovery-in-europe,MLT,2015,f,217567
recovery-in-europe,MLT,2015,m,217845
recovery-in-europe,MLT,2020,f,232297
recovery-in-europe,MLT,2020,m,232828
recovery-in-europe,MLT,2025,f,243928
recovery-in-europe,MLT,2025,m,245087
recovery-in-europe,MLT,2030,f,256087
recovery-in-europe,MLT,2030,m,259536
recovery-in-europe,MLT,2035,f,269648
recovery-in-europe,MLT,2035,m,277247
recovery-in-europe,MLT,2040,f,285153
recovery-in-europe,MLT,2040,m,299189
recovery-in-europe,MLT,2045,f,304342
recovery-in-europe,MLT,2045,m,327615
recovery-in-europe,MLT,2050,f,328539
recovery-in-europe,MLT,2050,m,364466
recovery-in-europe,NLD,2015,f,8314019
recovery-in-europe,NLD,2015,m,8167538
recovery-in-europe,NLD,2020,f,8477249
recovery-in-europe,NLD,2020,m,8365301
recovery-in-europe,NLD,2025,f,8621282
recovery-in-europe,NLD,2025,m,8592706
recovery-in-europe,NLD,2030,f,8804562
recovery-in-europe,NLD,2030,m,8820159
recovery-in-europe,NLD,2035,f,9004861
recovery-in-europe,NLD,2035,m,9034588
recovery-in-europe,NLD,2040,f,9223079
recovery-in-europe,NLD,2040,m,9248482
recovery-in-europe,NLD,2045,f,9472829
recovery-in-europe,NLD,2045,m,9484478
recovery-in-europe,NLD,2050,f,9780999
recovery-in-europe,NLD,2050,m,9780294
recovery-in-europe,POL,2015,f,19120105
recovery-in-europe,POL,2015,m,17903945
recovery-in-europe,POL,2020,f,18923040
recovery-in-europe,POL,2020,m,17674895
recovery-in-europe,POL,2025,f,18673165
recovery-in-europe,POL,2025,m,17370807
recovery-in-europe,POL,2030,f,18352467
recovery-in-europe,POL,2030,m,16993665
recovery-in-europe,POL,2035,f,17973334
recovery-in-europe,POL,2035,m,16575263
recovery-in-europe,POL,2040,f,17542163
recovery-in-europe,POL,2040,m,16138482
recovery-in-europe,POL,2045,f,17064120
recovery-in-europe,POL,2045,m,15691444
recovery-in-europe,POL,2050,f,16555553
recovery-in-europe,POL,2050,m,15234735
recovery-in-europe,PRT,2015,f,5436353
recovery-in-europe,PRT,2015,m,4897669
recovery-in-europe,PRT,2020,f,5367588
recovery-in-europe,PRT,2020,m,4840156
recovery-in-europe,PRT,2025,f,5294080
recovery-in-europe,PRT,2025,m,4770731
recovery-in-europe,PRT,2030,f,5236464
recovery-in-europe,PRT,2030,m,4718169
recovery-in-europe,PRT,2035,f,5202129
recovery-in-europe,PRT,2035,m,4689933
recovery-in-europe,PRT,2040,f,5191283
recovery-in-europe,PRT,2040,m,4688316
recovery-in-europe,PRT,2045,f,5206713
recovery-in-europe,PRT,2045,m,4719668
recovery-in-europe,PRT,2050,f,5259693
recovery-in-europe,PRT,2050,m,4797776
recovery-in-europe,ROU,2015,f,10153186
recovery-in-europe,ROU,2015,m,9689349
recovery-in-europe,ROU,2020,f,9867476
recovery-in-europe,ROU,2020,m,9382211
recovery-in-europe,ROU,2025,f,9595011
recovery-in-europe,ROU,2025,m,9059002
recovery-in-europe,ROU,2030,f,9333133
recovery-in-europe,ROU,2030,m,8767876
recovery-in-europe,ROU,2035,f,9087276
recovery-in-europe,ROU,2035,m,8499751
recovery-in-europe,ROU,2040,f,8843785
recovery-in-europe,ROU,2040,m,8244084
recovery-in-europe,ROU,2045,f,8594638
recovery-in-europe,ROU,2045,m,7992086
recovery-in-europe,ROU,2050,f,8339660
recovery-in-europe,ROU,2050,m,7736739
recovery-in-europe,SVK,2015,f,2719137
recovery-in-europe,SVK,2015,m,2581466
recovery-in-europe,SVK,2020,f,2732421
recovery-in-europe,SVK,2020,m,2592236
recovery-in-europe,SVK,2025,f,2725174
recovery-in-europe,SVK,2025,m,2583596
recovery-in-europe,SVK,2030,f,2703906
recovery-in-europe,SVK,2030,m,2559317
recovery-in-europe,SVK,2035,f,2672735
recovery-in-europe,SVK,2035,m,2524940
recovery-in-europe,SVK,2040,f,2636213
recovery-in-europe,SVK,2040,m,2487278
recovery-in-europe,SVK,2045,f,2598026
recovery-in-europe,SVK,2045,m,2450960
recovery-in-europe,SVK,2050,f,2559300
recovery-in-europe,SVK,2050,m,2417347
recovery-in-europe,SVN,2015,f,1033185
recovery-in-europe,SVN,2015,m,1008864
recovery-in-europe,SVN,2020,f,1049954
recovery-in-europe,SVN,2020,m,1030631
recovery-in-europe,SVN,2025,f,1054632
recovery-in-europe,SVN,2025,m,1036961
recovery-in-europe,SVN,2030,f,1056184
recovery-in-europe,SVN,2030,m,1038615
recovery-in-europe,SVN,2035,f,1057938
recovery-in-europe,SVN,2035,m,1039266
recovery-in-europe,SVN,2040,f,1062522
recovery-in-europe,SVN,2040,m,1042956
recovery-in-europe,SVN,2045,f,1071365
recovery-in-europe,SVN,2045,m,1052522
recovery-in-europe,SVN,2050,f,1084026
recovery-in-europe,SVN,2050,m,1068935
recovery-in-europe,SWE,2015,f,4693350
recovery-in-europe,SWE,2015,m,4675331
recovery-in-europe,SWE,2020,f,4838993
recovery-in-europe,SWE,2020,m,4846020
recovery-in-europe,SWE,2025,f,5003049
recovery-in-europe,SWE,2025,m,5015024
recovery-in-europe,SWE,2030,f,5184617
recovery-in-europe,SWE,2030,m,5194011
recovery-in-europe,SWE,2035,f,5393026
recovery-in-europe,SWE,2035,m,5398831
recovery-in-europe,SWE,2040,f,5654661
recovery-in-europe,SWE,2040,m,5661882
recovery-in-europe,SWE,2045,f,5989450
recovery-in-europe,SWE,2045,m,6005215
recovery-in-europe,SWE,2050,f,6412128
recovery-in-europe,SWE,2050,m,6440947
rise-of-the-east,AUT,2020,f,4391971
rise-of-the-east,AUT,2020,m,4235686
rise-of-the-east,AUT,2025,f,4428794
rise-of-the-east,AUT,2025,m,4289722
rise-of-the-east,AUT,2030,f,4453900
rise-of-the-east,AUT,2030,m,4324515
rise-of-the-east,AUT,2035,f,4466808
rise-of-the-east,AUT,2035,m,4346262
rise-of-the-east,AUT,2040,f,4473087
rise-of-the-east,AUT,2040,m,4363098
rise-of-the-east,AUT,2045,f,4478120
rise-of-the-east,AUT,2045,m,4379594
rise-of-the-east,AUT,2050,f,4477052
rise-of-the-east,AUT,2050,m,4391376
rise-of-the-east,BEL,2020,f,5581725
rise-of-the-east,BEL,2020,m,5474723
rise-of-the-east,BEL,2025,f,5717348
rise-of-the-east,BEL,2025,m,5681442
rise-of-the-east,BEL,2030,f,5869554
rise-of-the-east,BEL,2030,m,5886064
rise-of-the-east,BEL,2035,f,6047464
rise-of-the-east,BEL,2035,m,6102387
rise-of-the-east,BEL,2040,f,6249160
rise-of-the-east,BEL,2040,m,6330714
rise-of-the-east,BEL,2045,f,6468398
rise-of-the-east,BEL,2045,m,6569572
rise-of-the-east,BEL,2050,f,6693819
rise-of-the-east,BEL,2050,m,6810062
rise-of-the-east,BGR,2020,f,3522933
rise-of-the-east,BGR,2020,m,3333200
rise-of-the-east,BGR,2025,f,3349969
rise-of-the-east,BGR,2025,m,3166472
rise-of-the-east,BGR,2030,f,3186176
rise-of-the-east,BGR,2030,m,3009980
rise-of-the-east,BGR,2035,f,3035609
rise-of-the-east,BGR,2035,m,2868763
rise-of-the-east,BGR,2040,f,2897458
rise-of-the-east,BGR,2040,m,2741428
rise-of-the-east,BGR,2045,f,2772011
rise-of-the-east,BGR,2045,m,2626464
rise-of-the-east,BGR,2050,f,2656877
rise-of-the-east,BGR,2050,m,2519511
rise-of-the-east,CYP,2020,f,453910
rise-of-the-east,CYP,2020,m,428041
rise-of-the-east,CYP,2025,f,474029
rise-of-the-east,CYP,2025,m,447948
rise-of-the-east,CYP,2030,f,493289
rise-of-the-east,CYP,2030,m,467404
rise-of-the-east,CYP,2035,f,512066
rise-of-the-east,CYP,2035,m,487326
rise-of-the-east,CYP,2040,f,529524
rise-of-the-east,CYP,2040,m,507020
rise-of-the-east,CYP,2045,f,546418
rise-of-the-east,CYP,2045,m,527033
rise-of-the-east,CYP,2050,f,561960
rise-of-the-east,CYP,2050,m,546719
rise-of-the-east,CZE,2020,f,5232357
rise-of-the-east,CZE,2020,m,5034796
rise-of-the-east,CZE,2025,f,5204602
rise-of-the-east,CZE,2025,m,4995808
rise-of-the-east,CZE,2030,f,5151605
rise-of-the-east,CZE,2030,m,4934742
rise-of-the-east,CZE,2035,f,5078858
rise-of-the-east,CZE,2035,m,4861738
rise-of-the-east,CZE,2040,f,5002313
rise-of-the-east,CZE,2040,m,4793543
rise-of-the-east,CZE,2045,f,4928729
rise-of-the-east,CZE,2045,m,4734585
rise-of-the-east,CZE,2050,f,4854436
rise-of-the-east,CZE,2050,m,4674343
rise-of-the-east,DEU,2020,f,39784962
rise-of-the-east,DEU,2020,m,38408007
rise-of-the-east,DEU,2025,f,39545816
rise-of-the-east,DEU,2025,m,38199557
rise-of-the-east,DEU,2030,f,39256944
rise-of-the-east,DEU,2030,m,37914215
rise-of-the-east,DEU,2035,f,38921286
rise-of-the-east,DEU,2035,m,37581697
rise-of-the-east,DEU,2040,f,38519540
rise-of-the-east,DEU,2040,m,37196270
rise-of-the-east,DEU,2045,f,38080971
rise-of-the-east,DEU,2045,m,36757901
rise-of-the-east,DEU,2050,f,37553318
rise-of-the-east,DEU,2050,m,36232866
rise-of-the-east,DNK,2020,f,2785916
rise-of-the-east,DNK,2020,m,2755067
rise-of-the-east,DNK,2025,f,2848830
rise-of-the-east,DNK,2025,m,2811788
rise-of-the-east,DNK,2030,f,2921717
rise-of-the-east,DNK,2030,m,2878133
rise-of-the-east,DNK,2035,f,3000499
rise-of-the-east,DNK,2035,m,2950787
rise-of-the-east,DNK,2040,f,3080133
rise-of-the-east,DNK,2040,m,3026882
rise-of-the-east,DNK,2045,f,3161934
rise-of-the-east,DNK,2045,m,3107840
rise-of-the-east,DNK,2050,f,3249771
rise-of-the-east,DNK,2050,m,3195982
rise-of-the-east,ESP,2020,f,23545932
rise-of-the-east,ESP,2020,m,22807647
rise-of-the-east,ESP,2025,f,23635402
rise-of-the-east,ESP,2025,m,22974768
rise-of-the-east,ESP,2030,f,23693634
rise-of-the-east,ESP,2030,m,23093315
rise-of-the-east,ESP,2035,f,23749814
rise-of-the-east,ESP,2035,m,23193525
rise-of-the-east,ESP,2040,f,23754727
rise-of-the-east,ESP,2040,m,23232336
rise-of-the-east,ESP,2045,f,23674968
rise-of-the-east,ESP,2045,m,23186652
rise-of-the-east,ESP,2050,f,23461934
rise-of-the-east,ESP,2050,m,23007925
rise-of-the-east,EST,2020,f,698956
rise-of-the-east,EST,2020,m,617334
rise-of-the-east,EST,2025,f,697691
rise-of-the-east,EST,2025,m,624940
rise-of-the-east,EST,2030,f,698469
rise-of-the-east,EST,2030,m,634334
rise-of-the-east,EST,2035,f,701807
rise-of-the-east,EST,2035,m,645775
rise-of-the-east,EST,2040,f,706551
rise-of-the-east,EST,2040,m,658619
rise-of-the-east,EST,2045,f,712827
rise-of-the-east,EST,2045,m,673352
rise-of-the-east,EST,2050,f,719223
rise-of-the-east,EST,2050,m,688655
rise-of-the-east,FIN,2020,f,2775167
rise-of-the-east,FIN,2020,m,2703371
rise-of-the-east,FIN,2025,f,2803318
rise-of-the-east,FIN,2025,m,2729647
rise-of-the-east,FIN,2030,f,2830944
rise-of-the-east,FIN,2030,m,2754497
rise-of-the-east,FIN,2035,f,2854480
rise-of-the-east,FIN,2035,m,2777705
rise-of-the-east,FIN,2040,f,2874540
rise-of-the-east,FIN,2040,m,2803021
rise-of-the-east,FIN,2045,f,2895987
rise-of-the-east,FIN,2045,m,2836531
rise-of-the-east,FIN,2050,f,2925842
rise-of-the-east,FIN,2050,m,2882314
rise-of-the-east,FRA,2020,f,35096226
rise-of-the-east,FRA,2020,m,33009394
rise-of-the-east,FRA,2025,f,36076525
rise-of-the-east,FRA,2025,m,33965701
rise-of-the-east,FRA,2030,f,37204040
rise-of-the-east,FRA,2030,m,35058597
rise-of-the-east,FRA,2035,f,38475298
rise-of-the-east,FRA,2035,m,36276507
rise-of-the-east,FRA,2040,f,39778629
rise-of-the-east,FRA,2040,m,37521276
rise-of-the-east,FRA,2045,f,41039536
rise-of-the-east,FRA,2045,m,38760793
rise-of-the-east,FRA,2050,f,42246215
rise-of-the-east,FRA,2050,m,40000393
rise-of-the-east,GBR,2020,f,33627855
rise-of-the-east,GBR,2020,m,32749861
rise-of-the-east,GBR,2025,f,34569999
rise-of-the-east,GBR,2025,m,33732919
rise-of-the-east,GBR,2030,f,35584937
rise-of-the-east,GBR,2030,m,34714194
rise-of-the-east,GBR,2035,f,36717089
rise-of-the-east,GBR,2035,m,35789800
rise-of-the-east,GBR,2040,f,37979819
rise-of-the-east,GBR,2040,m,37002283
rise-of-the-east,GBR,2045,f,39391601
rise-of-the-east,GBR,2045,m,38386499
rise-of-the-east,GBR,2050,f,40903630
rise-of-the-east,GBR,2050,m,39893678
rise-of-the-east,GRC,2020,f,5500718
rise-of-the-east,GRC,2020,m,5182707
rise-of-the-east,GRC,2025,f,5416982
rise-of-the-east,GRC,2025,m,5093515
rise-of-the-east,GRC,2030,f,5323157
rise-of-the-east,GRC,2030,m,5003066
rise-of-the-east,GRC,2035,f,5228903
rise-of-the-east,GRC,2035,m,4916987
rise-of-the-east,GRC,2040,f,5137923
rise-of-the-east,GRC,2040,m,4835887
rise-of-the-east,GRC,2045,f,5046681
rise-of-the-east,GRC,2045,m,4756497
rise-of-the-east,GRC,2050,f,4950037
rise-of-the-east,GRC,2050,m,4674402
rise-of-the-east,HRV,2020,f,2115924
rise-of-the-east,HRV,2020,m,1970264
rise-of-the-east,HRV,2025,f,2051546
rise-of-the-east,HRV,2025,m,1918217
rise-of-the-east,HRV,2030,f,1992219
rise-of-the-east,HRV,2030,m,1867615
rise-of-the-east,HRV,2035,f,1936207
rise-of-the-east,HRV,2035,m,1817861
rise-of-the-east,HRV,2040,f,1878728
rise-of-the-east,HRV,2040,m,1766382
rise-of-the-east,HRV,2045,f,1820681
rise-of-the-east,HRV,2045,m,1716245
rise-of-the-east,HRV,2050,f,1763161
rise-of-the-east,HRV,2050,m,1668761
rise-of-the-east,HUN,2020,f,5015701
rise-of-the-east,HUN,2020,m,4574871
rise-of-the-east,HUN,2025,f,4871280
rise-of-the-east,HUN,2025,m,4455353
rise-of-the-east,HUN,2030,f,4728622
rise-of-the-east,HUN,2030,m,4336329
rise-of-the-east,HUN,2035,f,4583452
rise-of-the-east,HUN,2035,m,4214681
rise-of-the-east,HUN,2040,f,4435267
rise-of-the-east,HUN,2040,m,4090302
rise-of-the-east,HUN,2045,f,4287247
rise-of-the-east,HUN,2045,m,3965299
rise-of-the-east,HUN,2050,f,4143374
rise-of-the-east,HUN,2050,m,3840846
rise-of-the-east,IRL,2020,f,2424224
rise-of-the-east,IRL,2020,m,2370507
rise-of-the-east,IRL,2025,f,2572674
rise-of-the-east,IRL,2025,m,2515436
rise-of-the-east,IRL,2030,f,2730594
rise-of-the-east,IRL,2030,m,2668618
rise-of-the-east,IRL,2035,f,2897263
rise-of-the-east,IRL,2035,m,2831474
rise-of-the-east,IRL,2040,f,3073900
rise-of-the-east,IRL,2040,m,3006528
rise-of-the-east,IRL,2045,f,3260955
rise-of-the-east,IRL,2045,m,3195070
rise-of-the-east,IRL,2050,f,3456359
rise-of-the-east,IRL,2050,m,3394671
rise-of-the-east,ITA,2020,f,30947738
rise-of-the-east,ITA,2020,m,29381361
rise-of-the-east,ITA,2025,f,30677448
rise-of-the-east,ITA,2025,m,29245077
rise-of-the-east,ITA,2030,f,30414802
rise-of-the-east,ITA,2030,m,29051693
rise-of-the-east,ITA,2035,f,30150305
rise-of-the-east,ITA,2035,m,28855108
rise-of-the-east,ITA,2040,f,29853081
rise-of-the-east,ITA,2040,m,28627442
rise-of-the-east,ITA,2045,f,29502457
rise-of-the-east,ITA,2045,m,28351813
rise-of-the-east,ITA,2050,f,29074337
rise-of-the-east,ITA,2050,m,27996543
rise-of-the-east,LTU,2020,f,1544011
rise-of-the-east,LTU,2020,m,1317110
rise-of-the-east,LTU,2025,f,1512009
rise-of-the-east,LTU,2025,m,1294325
rise-of-the-east,LTU,2030,f,1481689
rise-of-the-east,LTU,2030,m,1275950
rise-of-the-east,LTU,2035,f,1453546
rise-of-the-east,LTU,2035,m,1259417
rise-of-the-east,LTU,2040,f,1427921
rise-of-the-east,LTU,2040,m,1244770
rise-of-the-east,LTU,2045,f,1406085
rise-of-the-east,LTU,2045,m,1234510
rise-of-the-east,LTU,2050,f,1386353
rise-of-the-east,LTU,2050,m,1227001
rise-of-the-east,LUX,2020,f,285268
rise-of-the-east,LUX,2020,m,291295
rise-of-the-east,LUX,2025,f,313412
rise-of-the-east,LUX,2025,m,320402
rise-of-the-east,LUX,2030,f,345419
rise-of-the-east,LUX,2030,m,352843
rise-of-the-east,LUX,2035,f,382100
rise-of-the-east,LUX,2035,m,389659
rise-of-the-east,LUX,2040,f,422728
rise-of-the-east,LUX,2040,m,430759
rise-of-the-east,LUX,2045,f,467239
rise-of-the-east,LUX,2045,m,476319
rise-of-the-east,LUX,2050,f,514539
rise-of-the-east,LUX,2050,m,525335
rise-of-the-east,LVA,2020,f,1049394
rise-of-the-east,LVA,2020,m,895238
rise-of-the-east,LVA,2025,f,1023976
rise-of-the-east,LVA,2025,m,884200
rise-of-the-east,LVA,2030,f,1003354
rise-of-the-east,LVA,2030,m,877235
rise-of-the-east,LVA,2035,f,987658
rise-of-the-east,LVA,2035,m,874347
rise-of-the-east,LVA,2040,f,973098
rise-of-the-east,LVA,2040,m,872459
rise-of-the-east,LVA,2045,f,959348
rise-of-the-east,LVA,2045,m,871467
rise-of-the-east,LVA,2050,f,944422
rise-of-the-east,LVA,2050,m,869710
rise-of-the-east,MLT,2020,f,232297
rise-of-the-east,MLT,2020,m,232828
rise-of-the-east,MLT,2025,f,243928
rise-of-the-east,MLT,2025,m,245087
rise-of-the-east,MLT,2030,f,256090
rise-of-the-east,MLT,2030,m,259546
rise-of-the-east,MLT,2035,f,269701
rise-of-the-east,MLT,2035,m,277305
rise-of-the-east,MLT,2040,f,285038
rise-of-the-east,MLT,2040,m,298949
rise-of-the-east,MLT,2045,f,303027
rise-of-the-east,MLT,2045,m,325259
rise-of-the-east,MLT,2050,f,323787
rise-of-the-east,MLT,2050,m,356324
rise-of-the-east,NLD,2020,f,8477249
rise-of-the-east,NLD,2020,m,8365301
rise-of-the-east,NLD,2025,f,8621282
rise-of-the-east,NLD,2025,m,8592706
rise-of-the-east,NLD,2030,f,8804738
rise-of-the-east,NLD,2030,m,8820332
rise-of-the-east,NLD,2035,f,9001129
rise-of-the-east,NLD,2035,m,9031169
rise-of-the-east,NLD,2040,f,9187118
rise-of-the-east,NLD,2040,m,9214487
rise-of-the-east,NLD,2045,f,9364105
rise-of-the-east,NLD,2045,m,9379236
rise-of-the-east,NLD,2050,f,9541782
rise-of-the-east,NLD,2050,m,9543945
rise-of-the-east,POL,2020,f,18923040
rise-of-the-east,POL,2020,m,17674895
rise-of-the-east,POL,2025,f,18673165
rise-of-the-east,POL,2025,m,17370807
rise-of-the-east,POL,2030,f,18352469
rise-of-the-east,POL,2030,m,16993661
rise-of-the-east,POL,2035,f,17972255
rise-of-the-east,POL,2035,m,16574189
rise-of-the-east,POL,2040,f,17529308
rise-of-the-east,POL,2040,m,16125774
rise-of-the-east,POL,2045,f,17031531
rise-of-the-east,POL,2045,m,15658267
rise-of-the-east,POL,2050,f,16497114
rise-of-the-east,POL,2050,m,15173051
rise-of-the-east,PRT,2020,f,5367588
rise-of-the-east,PRT,2020,m,4840156
rise-of-the-east,PRT,2025,f,5294080
rise-of-the-east,PRT,2025,m,4770731
rise-of-the-east,PRT,2030,f,5236458
rise-of-the-east,PRT,2030,m,4718163
rise-of-the-east,PRT,2035,f,5199868
rise-of-the-east,PRT,2035,m,4687609
rise-of-the-east,PRT,2040,f,5167005
rise-of-the-east,PRT,2040,m,4662881
rise-of-the-east,PRT,2045,f,5128167
rise-of-the-east,PRT,2045,m,4637646
rise-of-the-east,PRT,2050,f,5080088
rise-of-the-east,PRT,2050,m,4610318
rise-of-the-east,ROU,2020,f,9867476
rise-of-the-east,ROU,2020,m,9382211
rise-of-the-east,ROU,2025,f,9595011
rise-of-the-east,ROU,2025,m,9059002
rise-of-the-east,ROU,2030,f,9333135
rise-of-the-east,ROU,2030,m,8767881
rise-of-the-east,ROU,2035,f,9084472
rise-of-the-east,ROU,2035,m,8496983
rise-of-the-east,ROU,2040,f,8817109
rise-of-the-east,ROU,2040,m,8217824
rise-of-the-east,ROU,2045,f,8528691
rise-of-the-east,ROU,2045,m,7926958
rise-of-the-east,ROU,2050,f,8223854
rise-of-the-east,ROU,2050,m,7621642
rise-of-the-east,SVK,2020,f,2732421
rise-of-the-east,SVK,2020,m,2592236
rise-of-the-east,SVK,2025,f,2725174
rise-of-the-east,SVK,2025,m,2583596
rise-of-the-east,SVK,2030,f,2703907
rise-of-the-east,SVK,2030,m,2559317
rise-of-the-east,SVK,2035,f,2672638
rise-of-the-east,SVK,2035,m,2524800
rise-of-the-east,SVK,2040,f,2634680
rise-of-the-east,SVK,2040,m,2485250
rise-of-the-east,SVK,2045,f,2593099
rise-of-the-east,SVK,2045,m,2444439
rise-of-the-east,SVK,2050,f,2547988
rise-of-the-east,SVK,2050,m,2401904
rise-of-the-east,SVN,2020,f,1049954
rise-of-the-east,SVN,2020,m,1030631
rise-of-the-east,SVN,2025,f,1054632
rise-of-the-east,SVN,2025,m,1036961
rise-of-the-east,SVN,2030,f,1056185
rise-of-the-east,SVN,2030,m,1038614
rise-of-the-east,SVN,2035,f,1057635
rise-of-the-east,SVN,2035,m,1038855
rise-of-the-east,SVN,2040,f,1060002
rise-of-the-east,SVN,2040,m,1039818
rise-of-the-east,SVN,2045,f,1063807
rise-of-the-east,SVN,2045,m,1043339
rise-of-the-east,SVN,2050,f,1067051
rise-of-the-east,SVN,2050,m,1048292
rise-of-the-east,SWE,2020,f,4838993
rise-of-the-east,SWE,2020,m,4846020
rise-of-the-east,SWE,2025,f,5003049
rise-of-the-east,SWE,2025,m,5015024
rise-of-the-east,SWE,2030,f,5184861
rise-of-the-east,SWE,2030,m,5194246
rise-of-the-east,SWE,2035,f,5387994
rise-of-the-east,SWE,2035,m,5394218
rise-of-the-east,SWE,2040,f,5617512
rise-of-the-east,SWE,2040,m,5627211
rise-of-the-east,SWE,2045,f,5879933
rise-of-the-east,SWE,2045,m,5900606
rise-of-the-east,SWE,2050,f,6172894
rise-of-the-east,SWE,2050,m,6206843
ukraine-war,AUT,2015,f,4343612
ukraine-war,AUT,2015,m,4149943
ukraine-war,AUT,2020,f,4391971
ukraine-war,AUT,2020,m,4235686
ukraine-war,AUT,2025,f,4428624
ukraine-war,AUT,2025,m,4289528
ukraine-war,AUT,2030,f,4453372
ukraine-war,AUT,2030,m,4323928
ukraine-war,AUT,2035,f,4467026
ukraine-war,AUT,2035,m,4346331
ukraine-war,AUT,2040,f,4480550
ukraine-war,AUT,2040,m,4370099
ukraine-war,AUT,2045,f,4501918
ukraine-war,AUT,2045,m,4403472
ukraine-war,AUT,2050,f,4529411
ukraine-war,AUT,2050,m,4446533
ukraine-war,BEL,2015,f,5449307
ukraine-war,BEL,2015,m,5270093
ukraine-war,BEL,2020,f,5581725
ukraine-war,BEL,2020,m,5474723
ukraine-war,BEL,2025,f,5717197
ukraine-war,BEL,2025,m,5681283
ukraine-war,BEL,2030,f,5869113
ukraine-war,BEL,2030,m,5885620
ukraine-war,BEL,2035,f,6048053
ukraine-war,BEL,2035,m,6103195
ukraine-war,BEL,2040,f,6260288
ukraine-war,BEL,2040,m,6344380
ukraine-war,BEL,2045,f,6510104
ukraine-war,BEL,2045,m,6618433
ukraine-war,BEL,2050,f,6799314
ukraine-war,BEL,2050,m,6929890
ukraine-war,BGR,2015,f,3697203
ukraine-war,BGR,2015,m,3498544
ukraine-war,BGR,2020,f,3522933
ukraine-war,BGR,2020,m,3333200
ukraine-war,BGR,2025,f,3349891
ukraine-war,BGR,2025,m,3166378
ukraine-war,BGR,2030,f,3185957
ukraine-war,BGR,2030,m,3009732
ukraine-war,BGR,2035,f,3035671
ukraine-war,BGR,2035,m,2868796
ukraine-war,BGR,2040,f,2900832
ukraine-war,BGR,2040,m,2744561
ukraine-war,BGR,2045,f,2781479
ukraine-war,BGR,2045,m,2635430
ukraine-war,BGR,2050,f,2674992
ukraine-war,BGR,2050,m,2537087
ukraine-war,CYP,2015,f,427396
ukraine-war,CYP,2015,m,403179
ukraine-war,CYP,2020,f,453910
ukraine-war,CYP,2020,m,428041
ukraine-war,CYP,2025,f,473982
ukraine-war,CYP,2025,m,447916
ukraine-war,CYP,2030,f,493168
ukraine-war,CYP,2030,m,467307
ukraine-war,CYP,2035,f,512307
ukraine-war,CYP,2035,m,487553
ukraine-war,CYP,2040,f,532204
ukraine-war,CYP,2040,m,509465
ukraine-war,CYP,2045,f,554260
ukraine-war,CYP,2045,m,534463
ukraine-war,CYP,2050,f,578295
ukraine-war,CYP,2050,m,562604
ukraine-war,CZE,2015,f,5228414
ukraine-war,CZE,2015,m,5034838
ukraine-war,CZE,2020,f,5232357
ukraine-war,CZE,2020,m,5034796
ukraine-war,CZE,2025,f,5204590
ukraine-war,CZE,2025,m,4995798
ukraine-war,CZE,2030,f,5151569
ukraine-war,CZE,2030,m,4934703
ukraine-war,CZE,2035,f,5079419
ukraine-war,CZE,2035,m,4862517
ukraine-war,CZE,2040,f,5008100
ukraine-war,CZE,2040,m,4801396
ukraine-war,CZE,2045,f,4944575
ukraine-war,CZE,2045,m,4756043
ukraine-war,CZE,2050,f,4884946
ukraine-war,CZE,2050,m,4716119
ukraine-war,DEU,2015,f,40014655
ukraine-war,DEU,2015,m,38408703
ukraine-war,DEU,2020,f,39784962
ukraine-war,DEU,2020,m,38408007
ukraine-war,DEU,2025,f,39545428
ukraine-war,DEU,2025,m,38199090
ukraine-war,DEU,2030,f,39255811
ukraine-war,DEU,2030,m,37912899
ukraine-war,DEU,2035,f,38925654
ukraine-war,DEU,2035,m,37585754
ukraine-war,DEU,2040,f,38563879
ukraine-war,DEU,2040,m,37238773
ukraine-war,DEU,2045,f,38210564
ukraine-war,DEU,2045,m,36884454
ukraine-war,DEU,2050,f,37824067
ukraine-war,DEU,2050,m,36501739
ukraine-war,DNK,2015,f,2716763
ukraine-war,DNK,2015,m,2693346
ukraine-war,DNK,2020,f,2785916
ukraine-war,DNK,2020,m,2755067
ukraine-war,DNK,2025,f,2848645
ukraine-war,DNK,2025,m,2811625
ukraine-war,DNK,2030,f,2921206
ukraine-war,DNK,2030,m,2877672
ukraine-war,DNK,2035,f,3000644
ukraine-war,DNK,2035,m,2950921
ukraine-war,DNK,2040,f,3086614
ukraine-war,DNK,2040,m,3032514
ukraine-war,DNK,2045,f,3183514
ukraine-war,DNK,2045,m,3127087
ukraine-war,DNK,2050,f,3298383
ukraine-war,DNK,2050,m,3240422
ukraine-war,ESP,2015,f,23351569
ukraine-war,ESP,2015,m,22530825
ukraine-war,ESP,2020,f,23545932
ukraine-war,ESP,2020,m,22807647
ukraine-war,ESP,2025,f,23635356
ukraine-war,ESP,2025,m,22974696
ukraine-war,ESP,2030,f,23693461
ukraine-war,ESP,2030,m,23093097
ukraine-war,ESP,2035,f,23759450
ukraine-war,ESP,2035,m,23204064
ukraine-war,ESP,2040,f,23829536
ukraine-war,ESP,2040,m,23316984
ukraine-war,ESP,2045,f,23871774
ukraine-war,ESP,2045,m,23412426
ukraine-war,ESP,2050,f,23834393
ukraine-war,ESP,2050,m,23439967
ukraine-war,EST,2015,f,692303
ukraine-war,EST,2015,m,603739
ukraine-war,EST,2020,f,698956
ukraine-war,EST,2020,m,617334
ukraine-war,EST,2025,f,697689
ukraine-war,EST,2025,m,624939
ukraine-war,EST,2030,f,698461
ukraine-war,EST,2030,m,634326
ukraine-war,EST,2035,f,701941
ukraine-war,EST,2035,m,645943
ukraine-war,EST,2040,f,707945
ukraine-war,EST,2040,m,660285
ukraine-war,EST,2045,f,716764
ukraine-war,EST,2045,m,678415
ukraine-war,EST,2050,f,727285
ukraine-war,EST,2050,m,699516
ukraine-war,FIN,2015,f,2734251
ukraine-war,FIN,2015,m,2656578
ukraine-war,FIN,2020,f,2775167
ukraine-war,FIN,2020,m,2703371
ukraine-war,FIN,2025,f,2803301
ukraine-war,FIN,2025,m,2729625
ukraine-war,FIN,2030,f,2830875
ukraine-war,FIN,2030,m,2754423
ukraine-war,FIN,2035,f,2854582
ukraine-war,FIN,2035,m,2777840
ukraine-war,FIN,2040,f,2876997
ukraine-war,FIN,2040,m,2806109
ukraine-war,FIN,2045,f,2904520
ukraine-war,FIN,2045,m,2847229
ukraine-war,FIN,2050,f,2945759
ukraine-war,FIN,2050,m,2907406
ukraine-war,FRA,2015,f,34146152
ukraine-war,FRA,2015,m,32029914
ukraine-war,FRA,2020,f,35096226
ukraine-war,FRA,2020,m,33009394
ukraine-war,FRA,2025,f,36076262
ukraine-war,FRA,2025,m,33965510
ukraine-war,FRA,2030,f,37203659
ukraine-war,FRA,2030,m,35058483
ukraine-war,FRA,2035,f,38485325
ukraine-war,FRA,2035,m,36287446
ukraine-war,FRA,2040,f,39870540
ukraine-war,FRA,2040,m,37614370
ukraine-war,FRA,2045,f,41317677
ukraine-war,FRA,2045,m,39036117
ukraine-war,FRA,2050,f,42847217
ukraine-war,FRA,2050,m,40586988
ukraine-war,GBR,2015,f,32685700
ukraine-war,GBR,2015,m,31695319
ukraine-war,GBR,2020,f,33627855
ukraine-war,GBR,2020,m,32749861
ukraine-war,GBR,2025,f,34569858
ukraine-war,GBR,2025,m,33732784
ukraine-war,GBR,2030,f,35584442
ukraine-war,GBR,2030,m,34713698
ukraine-war,GBR,2035,f,36727907
ukraine-war,GBR,2035,m,35798862
ukraine-war,GBR,2040,f,38110920
ukraine-war,GBR,2040,m,37116023
ukraine-war,GBR,2045,f,39807707
ukraine-war,GBR,2045,m,38753792
ukraine-war,GBR,2050,f,41824097
ukraine-war,GBR,2050,m,40719860
ukraine-war,GRC,2015,f,5562692
ukraine-war,GRC,2015,m,5238955
ukraine-war,GRC,2020,f,5500718
ukraine-war,GRC,2020,m,5182707
ukraine-war,GRC,2025,f,5416902
ukraine-war,GRC,2025,m,5093448
ukraine-war,GRC,2030,f,5322916
ukraine-war,GRC,2030,m,5002871
ukraine-war,GRC,2035,f,5229480
ukraine-war,GRC,2035,m,4917670
ukraine-war,GRC,2040,f,5145454
ukraine-war,GRC,2040,m,4844179
ukraine-war,GRC,2045,f,5068330
ukraine-war,GRC,2045,m,4780525
ukraine-war,GRC,2050,f,4994362
ukraine-war,GRC,2050,m,4723487
ukraine-war,HRV,2015,f,2163467
ukraine-war,HRV,2015,m,2014803
ukraine-war,HRV,2020,f,2115924
ukraine-war,HRV,2020,m,1970264
ukraine-war,HRV,2025,f,2051545
ukraine-war,HRV,2025,m,1918211
ukraine-war,HRV,2030,f,1992213
ukraine-war,HRV,2030,m,1867603
ukraine-war,HRV,2035,f,1936605
ukraine-war,HRV,2035,m,1818255
ukraine-war,HRV,2040,f,1881781
ukraine-war,HRV,2040,m,1769460
ukraine-war,HRV,2045,f,1828489
ukraine-war,HRV,2045,m,1724296
ukraine-war,HRV,2050,f,1777987
ukraine-war,HRV,2050,m,1684476
ukraine-war,HUN,2015,f,5138803
ukraine-war,HUN,2015,m,4677492
ukraine-war,HUN,2020,f,5015701
ukraine-war,HUN,2020,m,4574871
ukraine-war,HUN,2025,f,4871267
ukraine-war,HUN,2025,m,4455330
ukraine-war,HUN,2030,f,4728592
ukraine-war,HUN,2030,m,4336259
ukraine-war,HUN,2035,f,4583807
ukraine-war,HUN,2035,m,4215052
ukraine-war,HUN,2040,f,4438139
ukraine-war,HUN,2040,m,4093670
ukraine-war,HUN,2045,f,4294981
ukraine-war,HUN,2045,m,3974829
ukraine-war,HUN,2050,f,4158769
ukraine-war,HUN,2050,m,3860076
ukraine-war,IRL,2015,f,2270679
ukraine-war,IRL,2015,m,2220383
ukraine-war,IRL,2020,f,2424224
ukraine-war,IRL,2020,m,2370507
ukraine-war,IRL,2025,f,2572667
ukraine-war,IRL,2025,m,2515430
ukraine-war,IRL,2030,f,2730564
ukraine-war,IRL,2030,m,2668593
ukraine-war,IRL,2035,f,2898160
ukraine-war,IRL,2035,m,2832365
ukraine-war,IRL,2040,f,3082951
ukraine-war,IRL,2040,m,3015409
ukraine-war,IRL,2045,f,3290538
ukraine-war,IRL,2045,m,3224295
ukraine-war,IRL,2050,f,3525331
ukraine-war,IRL,2050,m,3463233
ukraine-war,ITA,2015,f,31142823
ukraine-war,ITA,2015,m,29347293
ukraine-war,ITA,2020,f,30947738
ukraine-war,ITA,2020,m,29381361
ukraine-war,ITA,2025,f,30677361
ukraine-war,ITA,2025,m,29244998
ukraine-war,ITA,2030,f,30414578
ukraine-war,ITA,2030,m,29051560
ukraine-war,ITA,2035,f,30158332
ukraine-war,ITA,2035,m,28863408
ukraine-war,ITA,2040,f,29923932
ukraine-war,ITA,2040,m,28701457
ukraine-war,ITA,2045,f,29696561
ukraine-war,ITA,2045,m,28560268
ukraine-war,ITA,2050,f,29454123
ukraine-war,ITA,2050,m,28415713
ukraine-war,LTU,2015,f,1572907
ukraine-war,LTU,2015,m,1343858
ukraine-war,LTU,2020,f,1544011
ukraine-war,LTU,2020,m,1317110
ukraine-war,LTU,2025,f,1512007
ukraine-war,LTU,2025,m,1294322
ukraine-war,LTU,2030,f,1481680
ukraine-war,LTU,2030,m,1275943
ukraine-war,LTU,2035,f,1453723
ukraine-war,LTU,2035,m,1259638
ukraine-war,LTU,2040,f,1429194
ukraine-war,LTU,2040,m,1246426
ukraine-war,LTU,2045,f,1409694
ukraine-war,LTU,2045,m,1239155
ukraine-war,LTU,2050,f,1393908
ukraine-war,LTU,2050,m,1236803
ukraine-war,LUX,2015,f,252484
ukraine-war,LUX,2015,m,256132
ukraine-war,LUX,2020,f,285268
ukraine-war,LUX,2020,m,291295
ukraine-war,LUX,2025,f,313411
ukraine-war,LUX,2025,m,320402
ukraine-war,LUX,2030,f,345413
ukraine-war,LUX,2030,m,352833
ukraine-war,LUX,2035,f,382391
ukraine-war,LUX,2035,m,389912
ukraine-war,LUX,2040,f,425469
ukraine-war,LUX,2040,m,433454
ukraine-war,LUX,2045,f,476166
ukraine-war,LUX,2045,m,485347
ukraine-war,LUX,2050,f,535380
ukraine-war,LUX,2050,m,546906
ukraine-war,LVA,2015,f,1070965
ukraine-war,LVA,2015,m,907266
ukraine-war,LVA,2020,f,1049394
ukraine-war,LVA,2020,m,895238
ukraine-war,LVA,2025,f,1023975
ukraine-war,LVA,2025,m,884199
ukraine-war,LVA,2030,f,1003348
ukraine-war,LVA,2030,m,877226
ukraine-war,LVA,2035,f,988003
ukraine-war,LVA,2035,m,874665
ukraine-war,LVA,2040,f,975551
ukraine-war,LVA,2040,m,875060
ukraine-war,LVA,2045,f,965658
ukraine-war,LVA,2045,m,878813
ukraine-war,LVA,2050,f,956426
ukraine-war,LVA,2050,m,884727
ukraine-war,MLT,2015,f,217567
ukraine-war,MLT,2015,m,217845
ukraine-war,MLT,2020,f,232297
ukraine-war,MLT,2020,m,232828
ukraine-war,MLT,2025,f,243918
ukraine-war,MLT,2025,m,245080
ukraine-war,MLT,2030,f,256059
ukraine-war,MLT,2030,m,259518
ukraine-war,MLT,2035,f,269632
ukraine-war,MLT,2035,m,277235
ukraine-war,MLT,2040,f,285048
ukraine-war,MLT,2040,m,299121
ukraine-war,MLT,2045,f,303887
ukraine-war,MLT,2045,m,326786
ukraine-war,MLT,2050,f,326653
ukraine-war,MLT,2050,m,361305
ukraine-war,NLD,2015,f,8314019
ukraine-war,NLD,2015,m,8167538
ukraine-war,NLD,2020,f,8477249
ukraine-war,NLD,2020,m,8365301
ukraine-war,NLD,2025,f,8621005
ukraine-war,NLD,2025,m,8592433
ukraine-war,NLD,2030,f,8803852
ukraine-war,NLD,2030,m,8819485
ukraine-war,NLD,2035,f,9002110
ukraine-war,NLD,2035,m,9032126
ukraine-war,NLD,2040,f,9208079
ukraine-war,NLD,2040,m,9234266
ukraine-war,NLD,2045,f,9429291
ukraine-war,NLD,2045,m,9442157
ukraine-war,NLD,2050,f,9682876
ukraine-war,NLD,2050,m,9683065
ukraine-war,POL,2015,f,19120105
ukraine-war,POL,2015,m,17903945
ukraine-war,POL,2020,f,18923040
ukraine-war,POL,2020,m,17674895
ukraine-war,POL,2025,f,18673159
ukraine-war,POL,2025,m,17370787
ukraine-war,POL,2030,f,18352447
ukraine-war,POL,2030,m,16993627
ukraine-war,POL,2035,f,17972550
ukraine-war,POL,2035,m,16574458
ukraine-war,POL,2040,f,17533710
ukraine-war,POL,2040,m,16130229
ukraine-war,POL,2045,f,17043481
ukraine-war,POL,2045,m,15670847
ukraine-war,POL,2050,f,16519506
ukraine-war,POL,2050,m,15197769
ukraine-war,PRT,2015,f,5436353
ukraine-war,PRT,2015,m,4897669
ukraine-war,PRT,2020,f,5367588
ukraine-war,PRT,2020,m,4840156
ukraine-war,PRT,2025,f,5294079
ukraine-war,PRT,2025,m,4770729
ukraine-war,PRT,2030,f,5236458
ukraine-war,PRT,2030,m,4718161
ukraine-war,PRT,2035,f,5201334
ukraine-war,PRT,2035,m,4689085
ukraine-war,PRT,2040,f,5182391
ukraine-war,PRT,2040,m,4678769
ukraine-war,PRT,2045,f,5178010
ukraine-war,PRT,2045,m,4688914
ukraine-war,PRT,2050,f,5190665
ukraine-war,PRT,2050,m,4724272
ukraine-war,ROU,2015,f,10153186
ukraine-war,ROU,2015,m,9689349
ukraine-war,ROU,2020,f,9867476
ukraine-war,ROU,2020,m,9382211
ukraine-war,ROU,2025,f,9594983
ukraine-war,ROU,2025,m,9058974
ukraine-war,ROU,2030,f,9333058
ukraine-war,ROU,2030,m,8767803
ukraine-war,ROU,2035,f,9085010
ukraine-war,ROU,2035,m,8497546
ukraine-war,ROU,2040,f,8823245
ukraine-war,ROU,2040,m,8224033
ukraine-war,ROU,2045,f,8544714
ukraine-war,ROU,2045,m,7943196
ukraine-war,ROU,2050,f,8253672
ukraine-war,ROU,2050,m,7652158
ukraine-war,SVK,2015,f,2719137
ukraine-war,SVK,2015,m,2581466
ukraine-war,SVK,2020,f,2732421
ukraine-war,SVK,2020,m,2592236
ukraine-war,SVK,2025,f,2725171
ukraine-war,SVK,2025,m,2583592
ukraine-war,SVK,2030,f,2703898
ukraine-war,SVK,2030,m,2559296
ukraine-war,SVK,2035,f,2672704
ukraine-war,SVK,2035,m,2524847
ukraine-war,SVK,2040,f,2635624
ukraine-war,SVK,2040,m,2486464
ukraine-war,SVK,2045,f,2596146
ukraine-war,SVK,2045,m,2448441
ukraine-war,SVK,2050,f,2554795
ukraine-war,SVK,2050,m,2411243
ukraine-war,SVN,2015,f,1033185
ukraine-war,SVN,2015,m,1008864
ukraine-war,SVN,2020,f,1049954
ukraine-war,SVN,2020,m,1030631
ukraine-war,SVN,2025,f,1054629
ukraine-war,SVN,2025,m,1036960
ukraine-war,SVN,2030,f,1056178
ukraine-war,SVN,2030,m,1038605
ukraine-war,SVN,2035,f,1057792
ukraine-war,SVN,2035,m,1039089
ukraine-war,SVN,2040,f,1061512
ukraine-war,SVN,2040,m,1041760
ukraine-war,SVN,2045,f,1068386
ukraine-war,SVN,2045,m,1048933
ukraine-war,SVN,2050,f,1077022
ukraine-war,SVN,2050,m,1060463
ukraine-war,SWE,2015,f,4693350
ukraine-war,SWE,2015,m,4675331
ukraine-war,SWE,2020,f,4838993
ukraine-war,SWE,2020,m,4846020
ukraine-war,SWE,2025,f,5002013
ukraine-war,SWE,2025,m,5014081
ukraine-war,SWE,2030,f,5181924
ukraine-war,SWE,2030,m,5191600
ukraine-war,SWE,2035,f,5386507
ukraine-war,SWE,2035,m,5393001
ukraine-war,SWE,2040,f,5633069
ukraine-war,SWE,2040,m,5641868
ukraine-war,SWE,2045,f,5935174
ukraine-war,SWE,2045,m,5953787
ukraine-war,SWE,2050,f,6298363
ukraine-war,SWE,2050,m,6330384
